Table Name,Column Name,Data Type,Nullable,Length,Precision,Scale,Default,Comments
"AB_DEPUTY","GDP_ID","NUMBER","Y","22","6","0",,
"AB_DEPUTY","PMT_CODE","NUMBER","Y","22","6","0",,
"AB_DEPUTY","GPD_DEPUTY_POG_CODE","CHAR","Y","12",,,,
"AB_DEPUTY","GDP_DEPUTY_POSITION_EX","VARCHAR2","Y","512",,,,
"AB_DEPUTY","GDP_DEPUTY_PRIORITY","NUMBER","Y","22","2","0",,
"AB_DEPUTY","GDP_DEPUTY_START_DATE","DATE","Y","7",,,,
"AB_DEPUTY","GDP_DEPUTY_END_DATE","DATE","Y","7",,,,
"AB_DEPUTY","GDP_DEPUTY_REMARK","CHAR","Y","1",,,,
"AB_DEPUTY","GDP_CREATED_BY","NUMBER","Y","22","6","0",,
"AB_DEPUTY","GDP_CREATED_DATE","DATE","Y","7",,,,
"AB_DEPUTY","GDP_LAST_UPDATE_BY","NUMBER","Y","22","6","0",,
"AB_DEPUTY","GDP_LAST_UPDATE_DATE","DATE","Y","7",,,,
"AB_DEPUTY","GDP_DEPUTY_STATUS","NUMBER","Y","22",,,,
"AB_DEPUTY","POG_CODE","CHAR","Y","12",,,,
"AB_DEPUTY","POG_DESC","VARCHAR2","Y","150",,,,
"AB_DEPUTY_TEMP","GDP_ID","NUMBER","Y","22","6","0",,
"AB_DEPUTY_TEMP","PMT_CODE","NUMBER","Y","22","6","0",,
"AB_DEPUTY_TEMP","GPD_DEPUTY_POG_CODE","CHAR","Y","12",,,,
"AB_DEPUTY_TEMP","GDP_DEPUTY_POSITION_EX","VARCHAR2","Y","512",,,,
"AB_DEPUTY_TEMP","GDP_DEPUTY_PRIORITY","NUMBER","Y","22","2","0",,
"AB_DEPUTY_TEMP","GDP_DEPUTY_START_DATE","DATE","Y","7",,,,
"AB_DEPUTY_TEMP","GDP_DEPUTY_END_DATE","DATE","Y","7",,,,
"AB_DEPUTY_TEMP","GDP_DEPUTY_REMARK","CHAR","Y","1",,,,
"AB_DEPUTY_TEMP","GDP_CREATED_BY","NUMBER","Y","22","6","0",,
"AB_DEPUTY_TEMP","GDP_CREATED_DATE","DATE","Y","7",,,,
"AB_DEPUTY_TEMP","GDP_LAST_UPDATE_BY","NUMBER","Y","22","6","0",,
"AB_DEPUTY_TEMP","GDP_LAST_UPDATE_DATE","DATE","Y","7",,,,
"AB_DEPUTY_TEMP","GDP_DEPUTY_STATUS","NUMBER","Y","22",,,,
"AB_DEPUTY_TEMP","POG_CODE","CHAR","Y","12",,,,
"AB_DEPUTY_TEMP","POG_DESC","VARCHAR2","Y","150",,,,
"AB_HOLIDAY","HOLIDAY_DATE","DATE","N","7",,,,
"AB_HOLIDAY","DESCRIPTION","NVARCHAR2","Y","400",,,,
"AB_HOLIDAY","CREATE_DATE","TIMESTAMP(6) WITH TIME ZONE","N","13",,"6",,
"AB_HOLIDAY","PSN_CODE","NVARCHAR2","Y","200",,,,
"AB_HOLIDAY","POG_CODE","VARCHAR2","Y","10",,,,
"AB_HOLIDAY","HOLIDAY_FLAG","CHAR","Y","1",,,,
"AB_HOLIDAY","POG_TYPE","NUMBER","Y","22",,,,
"AB_HOLIDAY","ID","NUMBER","Y","22","10","0",,
"AB_HOLIDAY_TEMP","HOLIDAY_DATE","DATE","N","7",,,,
"AB_HOLIDAY_TEMP","DESCRIPTION","NVARCHAR2","Y","400",,,,
"AB_HOLIDAY_TEMP","CREATE_DATE","TIMESTAMP(6) WITH TIME ZONE","N","13",,"6",,
"AB_HOLIDAY_TEMP","PSN_CODE","NVARCHAR2","Y","200",,,,
"AB_HOLIDAY_TEMP","POG_CODE","VARCHAR2","Y","10",,,,
"AB_HOLIDAY_TEMP","HOLIDAY_FLAG","CHAR","Y","1",,,,
"AB_HOLIDAY_TEMP","POG_TYPE","NUMBER","Y","22",,,,
"AB_HOLIDAY_TEMP","ID","NUMBER","Y","22","10","0",,
"EMPLOYEE","CODE","VARCHAR2","Y","11",,,,
"EMPLOYEE","NAME","VARCHAR2","Y","255",,,,
"EMPLOYEE","SEX","VARCHAR2","Y","1",,,,
"EMPLOYEE","ADDRESS","VARCHAR2","Y","300",,,,
"EMPLOYEE","KHATE_CODE","VARCHAR2","Y","6",,,,
"EMPLOYEE","KHATE","VARCHAR2","Y","255",,,,
"EMPLOYEE","PROVINCE_CODE","VARCHAR2","Y","3",,,,
"EMPLOYEE","PROVINCE","VARCHAR2","Y","255",,,,
"EMPLOYEE","POSTCODE","VARCHAR2","Y","12",,,,
"EMPLOYEE","BIRTH_DATE","DATE","Y","7",,,,
"EMPLOYEE","SALARY","NUMBER","Y","22",,,,
"EMPLOYEE","BANK_ACCOUNT","VARCHAR2","Y","10",,,,
"EMPLOYEE","START_WORK","DATE","Y","7",,,,
"EMPLOYEE","PMT_POS_WORK","VARCHAR2","Y","6",,,,
"EMPLOYEE","POSITION","VARCHAR2","Y","255",,,,
"EMPLOYEE","APA_PPN_NUMBER","VARCHAR2","Y","8",,,,
"EMPLOYEE","EX_POSITION_CODE","VARCHAR2","Y","10",,,,
"EMPLOYEE","EX_POSITION","VARCHAR2","Y","255",,,,
"EMPLOYEE","LEVEL_POSITION","VARCHAR2","Y","3",,,,
"EMPLOYEE","POG_CODE","VARCHAR2","Y","10",,,,
"EMPLOYEE","WORKINGGROUP","VARCHAR2","Y","255",,,,
"EMPLOYEE","UNIT","VARCHAR2","Y","255",,,,
"EMPLOYEE","SECTION","VARCHAR2","Y","255",,,,
"EMPLOYEE","DIVISION","VARCHAR2","Y","255",,,,
"EMPLOYEE","DEPARTMENT","VARCHAR2","Y","255",,,,
"EMPLOYEE","FATHER","VARCHAR2","Y","255",,,,
"EMPLOYEE","FATHER_ALIVE","CHAR","Y","1",,,,
"EMPLOYEE","MOTHER","VARCHAR2","Y","255",,,,
"EMPLOYEE","MOTHER_ALIVE","CHAR","Y","1",,,,
"EMPLOYEE","MARIRIED","VARCHAR2","Y","1",,,,
"EMPLOYEE","SPOUSE","VARCHAR2","Y","255",,,,
"EMPLOYEE","EMAIL","VARCHAR2","Y","255",,,,
"EMPLOYEE","TYPE_DATA","CHAR","Y","1",,,,
"EMPLOYEE","CARD_ID","VARCHAR2","Y","13",,,,
"EMPLOYEE","TAX_ID","VARCHAR2","Y","15",,,,
"EMPLOYEE_TEMP","CODE","VARCHAR2","Y","11",,,,
"EMPLOYEE_TEMP","NAME","VARCHAR2","Y","255",,,,
"EMPLOYEE_TEMP","SEX","VARCHAR2","Y","1",,,,
"EMPLOYEE_TEMP","ADDRESS","VARCHAR2","Y","300",,,,
"EMPLOYEE_TEMP","KHATE_CODE","VARCHAR2","Y","6",,,,
"EMPLOYEE_TEMP","KHATE","VARCHAR2","Y","255",,,,
"EMPLOYEE_TEMP","PROVINCE_CODE","VARCHAR2","Y","3",,,,
"EMPLOYEE_TEMP","PROVINCE","VARCHAR2","Y","255",,,,
"EMPLOYEE_TEMP","POSTCODE","VARCHAR2","Y","12",,,,
"EMPLOYEE_TEMP","BIRTH_DATE","DATE","Y","7",,,,
"EMPLOYEE_TEMP","SALARY","NUMBER","Y","22",,,,
"EMPLOYEE_TEMP","BANK_ACCOUNT","VARCHAR2","Y","10",,,,
"EMPLOYEE_TEMP","START_WORK","DATE","Y","7",,,,
"EMPLOYEE_TEMP","PMT_POS_WORK","VARCHAR2","Y","6",,,,
"EMPLOYEE_TEMP","POSITION","VARCHAR2","Y","255",,,,
"EMPLOYEE_TEMP","APA_PPN_NUMBER","VARCHAR2","Y","8",,,,
"EMPLOYEE_TEMP","EX_POSITION_CODE","VARCHAR2","Y","10",,,,
"EMPLOYEE_TEMP","EX_POSITION","VARCHAR2","Y","255",,,,
"EMPLOYEE_TEMP","LEVEL_POSITION","VARCHAR2","Y","3",,,,
"EMPLOYEE_TEMP","POG_CODE","VARCHAR2","Y","10",,,,
"EMPLOYEE_TEMP","WORKINGGROUP","VARCHAR2","Y","255",,,,
"EMPLOYEE_TEMP","UNIT","VARCHAR2","Y","255",,,,
"EMPLOYEE_TEMP","SECTION","VARCHAR2","Y","255",,,,
"EMPLOYEE_TEMP","DIVISION","VARCHAR2","Y","255",,,,
"EMPLOYEE_TEMP","DEPARTMENT","VARCHAR2","Y","255",,,,
"EMPLOYEE_TEMP","FATHER","VARCHAR2","Y","255",,,,
"EMPLOYEE_TEMP","FATHER_ALIVE","CHAR","Y","1",,,,
"EMPLOYEE_TEMP","MOTHER","VARCHAR2","Y","255",,,,
"EMPLOYEE_TEMP","MOTHER_ALIVE","CHAR","Y","1",,,,
"EMPLOYEE_TEMP","MARIRIED","VARCHAR2","Y","1",,,,
"EMPLOYEE_TEMP","SPOUSE","VARCHAR2","Y","255",,,,
"EMPLOYEE_TEMP","EMAIL","VARCHAR2","Y","255",,,,
"EMPLOYEE_TEMP","TYPE_DATA","CHAR","Y","1",,,,
"EMPLOYEE_TEMP","CARD_ID","VARCHAR2","Y","13",,,,
"EMPLOYEE_TEMP","TAX_ID","VARCHAR2","Y","15",,,,
"OP_CHILDREN_T","PCH_CODE","CHAR","Y","5",,,,
"OP_CHILDREN_T","PCH_SEQ_NO","NUMBER","Y","22","1","0",,
"OP_CHILDREN_T","PCH_NAME","VARCHAR2","Y","100",,,,
"OP_CHILDREN_T","PCH_BIRTH_DATE","CHAR","Y","8",,,,
"OP_CHILDREN_T","PCH_SEX","CHAR","Y","1",,,,
"OP_CHILDREN_T","PCH_PETITION","CHAR","Y","1",,,,
"OP_CHILDREN_T","PCH_TRANS_DATE","CHAR","Y","6",,,,
"OP_CHILDREN_T","PCH_OPER_CODE","CHAR","Y","5",,,,
"OP_CHILDREN_T","PCH_PET_DATE","CHAR","Y","8",,,,
"OP_CHILDREN_T","PCH_PAY","NUMBER","Y","22","4","0",,
"OP_CHILDREN_T","PCH_IDCARD","VARCHAR2","Y","13",,,,
"OP_CHILDREN_T_TEMP","PCH_CODE","CHAR","Y","5",,,,
"OP_CHILDREN_T_TEMP","PCH_SEQ_NO","NUMBER","Y","22","1","0",,
"OP_CHILDREN_T_TEMP","PCH_NAME","VARCHAR2","Y","100",,,,
"OP_CHILDREN_T_TEMP","PCH_BIRTH_DATE","CHAR","Y","8",,,,
"OP_CHILDREN_T_TEMP","PCH_SEX","CHAR","Y","1",,,,
"OP_CHILDREN_T_TEMP","PCH_PETITION","CHAR","Y","1",,,,
"OP_CHILDREN_T_TEMP","PCH_TRANS_DATE","CHAR","Y","6",,,,
"OP_CHILDREN_T_TEMP","PCH_OPER_CODE","CHAR","Y","5",,,,
"OP_CHILDREN_T_TEMP","PCH_PET_DATE","CHAR","Y","8",,,,
"OP_CHILDREN_T_TEMP","PCH_PAY","NUMBER","Y","22","4","0",,
"OP_CHILDREN_T_TEMP","PCH_IDCARD","VARCHAR2","Y","13",,,,
"OP_HEAD_T","PHT_CODE","VARCHAR2","Y","5",,,,
"OP_HEAD_T","PHT_NAME_T","VARCHAR2","Y","255",,,,
"OP_HEAD_T","PHT_NAME_E","VARCHAR2","Y","255",,,,
"OP_HEAD_T","PHT_EMP_DATE","VARCHAR2","Y","8",,,,
"OP_HEAD_T","PHT_POS_WK","VARCHAR2","Y","3",,,,
"OP_HEAD_T","PHT_POS_EX","VARCHAR2","Y","2",,,,
"OP_HEAD_T","PHT_POS_NO","VARCHAR2","Y","4",,,,
"OP_HEAD_T","PHT_LEVEL_CODE","VARCHAR2","Y","2",,,,
"OP_HEAD_T_TEMP","PHT_CODE","VARCHAR2","Y","5",,,,
"OP_HEAD_T_TEMP","PHT_NAME_T","VARCHAR2","Y","255",,,,
"OP_HEAD_T_TEMP","PHT_NAME_E","VARCHAR2","Y","255",,,,
"OP_HEAD_T_TEMP","PHT_EMP_DATE","VARCHAR2","Y","8",,,,
"OP_HEAD_T_TEMP","PHT_POS_WK","VARCHAR2","Y","3",,,,
"OP_HEAD_T_TEMP","PHT_POS_EX","VARCHAR2","Y","2",,,,
"OP_HEAD_T_TEMP","PHT_POS_NO","VARCHAR2","Y","4",,,,
"OP_HEAD_T_TEMP","PHT_LEVEL_CODE","VARCHAR2","Y","2",,,,
"OP_LEVEL_SAL_R","PLV_CODE","NUMBER","Y","22",,"0",,
"OP_LEVEL_SAL_R","PLV_SALARY","NUMBER","Y","22",,"0",,
"OP_LEVEL_SAL_R_TEMP","PLV_CODE","NUMBER","Y","22",,"0",,
"OP_LEVEL_SAL_R_TEMP","PLV_SALARY","NUMBER","Y","22",,"0",,
"OP_MASTER_T","PMT_CODE","CHAR","Y","5",,,,
"OP_MASTER_T","PMT_NAME_T","VARCHAR2","Y","255",,,,
"OP_MASTER_T","PMT_NAME_E","VARCHAR2","Y","255",,,,
"OP_MASTER_T","PMT_EMP_DATE","CHAR","Y","8",,,,
"OP_MASTER_T","PMT_CMD_DATE","CHAR","Y","8",,,,
"OP_MASTER_T","PMT_ST_QUAL","VARCHAR2","Y","255",,,,
"OP_MASTER_T","PMT_ST_FAC","VARCHAR2","Y","255",,,,
"OP_MASTER_T","PMT_POS_WK","CHAR","Y","20",,,,
"OP_MASTER_T","PMT_POS_EX","CHAR","Y","20",,,,
"OP_MASTER_T","PMT_POS_NO","CHAR","Y","20",,,,
"OP_MASTER_T","PMT_LEVEL_CODE","CHAR","Y","20",,,,
"OP_MASTER_T","PMT_LEV_DATE","CHAR","Y","255",,,,
"OP_MASTER_T","PMT_CUR_QUAL","VARCHAR2","Y","255",,,,
"OP_MASTER_T","PMT_CUR_FAC","VARCHAR2","Y","255",,,,
"OP_MASTER_T","PMT_SAL_CODE","CHAR","Y","3",,,,
"OP_MASTER_T","PMT_STATUS","CHAR","Y","1",,,,
"OP_MASTER_T","PMT_PENALTY_FLAG","CHAR","Y","1",,,,
"OP_MASTER_T","PMT_TRANS_DATE","CHAR","Y","255",,,,
"OP_MASTER_T","PMT_OPER_CODE","CHAR","Y","255",,,,
"OP_MASTER_T","PMT_FLAG_MEM","VARCHAR2","Y","1",,,,
"OP_MASTER_T","PMT_GWORK_CODE","VARCHAR2","Y","3",,,,
"OP_MASTER_T","PMT_EMAIL_ADDR","VARCHAR2","Y","255",,,,
"OP_MASTER_T_TEMP","PMT_CODE","CHAR","Y","5",,,,
"OP_MASTER_T_TEMP","PMT_NAME_T","VARCHAR2","Y","255",,,,
"OP_MASTER_T_TEMP","PMT_NAME_E","VARCHAR2","Y","255",,,,
"OP_MASTER_T_TEMP","PMT_EMP_DATE","CHAR","Y","8",,,,
"OP_MASTER_T_TEMP","PMT_CMD_DATE","CHAR","Y","8",,,,
"OP_MASTER_T_TEMP","PMT_ST_QUAL","VARCHAR2","Y","255",,,,
"OP_MASTER_T_TEMP","PMT_ST_FAC","VARCHAR2","Y","255",,,,
"OP_MASTER_T_TEMP","PMT_POS_WK","CHAR","Y","20",,,,
"OP_MASTER_T_TEMP","PMT_POS_EX","CHAR","Y","20",,,,
"OP_MASTER_T_TEMP","PMT_POS_NO","CHAR","Y","20",,,,
"OP_MASTER_T_TEMP","PMT_LEVEL_CODE","CHAR","Y","20",,,,
"OP_MASTER_T_TEMP","PMT_LEV_DATE","CHAR","Y","255",,,,
"OP_MASTER_T_TEMP","PMT_CUR_QUAL","VARCHAR2","Y","255",,,,
"OP_MASTER_T_TEMP","PMT_CUR_FAC","VARCHAR2","Y","255",,,,
"OP_MASTER_T_TEMP","PMT_SAL_CODE","CHAR","Y","3",,,,
"OP_MASTER_T_TEMP","PMT_STATUS","CHAR","Y","1",,,,
"OP_MASTER_T_TEMP","PMT_PENALTY_FLAG","CHAR","Y","1",,,,
"OP_MASTER_T_TEMP","PMT_TRANS_DATE","CHAR","Y","255",,,,
"OP_MASTER_T_TEMP","PMT_OPER_CODE","CHAR","Y","255",,,,
"OP_MASTER_T_TEMP","PMT_FLAG_MEM","VARCHAR2","Y","1",,,,
"OP_MASTER_T_TEMP","PMT_GWORK_CODE","VARCHAR2","Y","3",,,,
"OP_MASTER_T_TEMP","PMT_EMAIL_ADDR","VARCHAR2","Y","255",,,,
"OP_ORGANIZE_R","POG_CODE","VARCHAR2","Y","6",,,,
"OP_ORGANIZE_R","POG_DESC","VARCHAR2","Y","255",,,,
"OP_ORGANIZE_R","POG_CURRENCY","VARCHAR2","Y","2",,,,
"OP_ORGANIZE_R","POG_ABBREVIATION","VARCHAR2","Y","255",,,,
"OP_ORGANIZE_R","POG_DESC_E","VARCHAR2","Y","255",,,,
"OP_ORGANIZE_R","POG_TITLE","VARCHAR2","Y","255",,,,
"OP_ORGANIZE_R","POG_TYPE","CHAR","Y","1",,,,
"OP_ORGANIZE_R","POG_POSNAME","VARCHAR2","Y","255",,,,
"OP_ORGANIZE_R_TEMP","POG_CODE","VARCHAR2","Y","6",,,,
"OP_ORGANIZE_R_TEMP","POG_DESC","VARCHAR2","Y","255",,,,
"OP_ORGANIZE_R_TEMP","POG_CURRENCY","VARCHAR2","Y","2",,,,
"OP_ORGANIZE_R_TEMP","POG_ABBREVIATION","VARCHAR2","Y","255",,,,
"OP_ORGANIZE_R_TEMP","POG_DESC_E","VARCHAR2","Y","255",,,,
"OP_ORGANIZE_R_TEMP","POG_TITLE","VARCHAR2","Y","255",,,,
"OP_ORGANIZE_R_TEMP","POG_TYPE","CHAR","Y","1",,,,
"OP_ORGANIZE_R_TEMP","POG_POSNAME","VARCHAR2","Y","255",,,,
"OP_POSITION_NO_T","PPN_NUMBER","CHAR","Y","20",,,,
"OP_POSITION_NO_T","PPN_ORGANIZE","CHAR","Y","100",,,,
"OP_POSITION_NO_T","PPN_TRANS_DATE","CHAR","Y","20",,,,
"OP_POSITION_NO_T","PPN_OPER_CODE","CHAR","Y","5",,,,
"OP_POSITION_NO_T_TEMP","PPN_NUMBER","CHAR","Y","20",,,,
"OP_POSITION_NO_T_TEMP","PPN_ORGANIZE","CHAR","Y","100",,,,
"OP_POSITION_NO_T_TEMP","PPN_TRANS_DATE","CHAR","Y","20",,,,
"OP_POSITION_NO_T_TEMP","PPN_OPER_CODE","CHAR","Y","5",,,,
"OP_POS_EXECUTIVE_R","PPE_CODE","CHAR","Y","2",,,,
"OP_POS_EXECUTIVE_R","PPE_DESC_T","VARCHAR2","Y","255",,,,
"OP_POS_EXECUTIVE_R","PPE_DESC_E","VARCHAR2","Y","255",,,,
"OP_POS_EXECUTIVE_R","PPE_WEIGHT","CHAR","Y","2",,,,
"OP_POS_EXECUTIVE_R","PPE_POS_LEV","VARCHAR2","Y","2",,,,
"OP_POS_EXECUTIVE_R_TEMP","PPE_CODE","CHAR","Y","2",,,,
"OP_POS_EXECUTIVE_R_TEMP","PPE_DESC_T","VARCHAR2","Y","255",,,,
"OP_POS_EXECUTIVE_R_TEMP","PPE_DESC_E","VARCHAR2","Y","255",,,,
"OP_POS_EXECUTIVE_R_TEMP","PPE_WEIGHT","CHAR","Y","2",,,,
"OP_POS_EXECUTIVE_R_TEMP","PPE_POS_LEV","VARCHAR2","Y","2",,,,
"OP_POS_WORK_R","PSP_CODE","CHAR","Y","3",,,,
"OP_POS_WORK_R","PSP_DESC_T","VARCHAR2","Y","255",,,,
"OP_POS_WORK_R","PSP_DESC_E","VARCHAR2","Y","255",,,,
"OP_POS_WORK_R_TEMP","PSP_CODE","CHAR","Y","3",,,,
"OP_POS_WORK_R_TEMP","PSP_DESC_T","VARCHAR2","Y","255",,,,
"OP_POS_WORK_R_TEMP","PSP_DESC_E","VARCHAR2","Y","255",,,,
"PS_PW_JOB","EMPLID","VARCHAR2","Y","11",,,,
"PS_PW_JOB","EMPL_RCD","NUMBER","Y","22","38","0",,
"PS_PW_JOB","EFFDT","DATE","N","7",,,,
"PS_PW_JOB","EFFSEQ","NUMBER","Y","22","38","0",,
"PS_PW_JOB","HIRE_DT","DATE","Y","7",,,,
"PS_PW_JOB","POSITION_NBR","VARCHAR2","Y","8",,,,
"PS_PW_JOB","SAL_ADMIN_PLAN","VARCHAR2","Y","4",,,,
"PS_PW_JOB","GRADE","VARCHAR2","Y","3",,,,
"PS_PW_JOB","STEP","NUMBER","Y","22","38","0",,
"PS_PW_JOB","DEPTID","VARCHAR2","Y","10",,,,
"PS_PW_JOB","OFFICER_CD","VARCHAR2","Y","1",,,,
"PS_PW_JOB","ACTION","VARCHAR2","Y","3",,,,
"PS_PW_JOB","ACTION_REASON","VARCHAR2","Y","3",,,,
"PS_PW_JOB","X_ORDER_NO","VARCHAR2","Y","20",,,,
"PS_PW_JOB","X_ORDER_DT","DATE","Y","7",,,,
"PS_PW_JOB","LOCATION","VARCHAR2","Y","10",,,,
"PS_PW_JOB","JOBCODE","VARCHAR2","Y","6",,,,
"PS_PW_JOB","SETID_DEPT","VARCHAR2","Y","5",,,,
"PS_PW_JOB","SUPV_LVL_ID","VARCHAR2","Y","8",,,,
"PS_PW_JOB","HR_STATUS","VARCHAR2","Y","1",,,,
"PS_PW_JOB","LASTUPDDTTM","TIMESTAMP(6)","Y","11",,"6",,
"PS_PW_JOB_TEMP","EMPLID","VARCHAR2","Y","11",,,,
"PS_PW_JOB_TEMP","EMPL_RCD","NUMBER","Y","22","38","0",,
"PS_PW_JOB_TEMP","EFFDT","DATE","N","7",,,,
"PS_PW_JOB_TEMP","EFFSEQ","NUMBER","Y","22","38","0",,
"PS_PW_JOB_TEMP","HIRE_DT","DATE","Y","7",,,,
"PS_PW_JOB_TEMP","POSITION_NBR","VARCHAR2","Y","8",,,,
"PS_PW_JOB_TEMP","SAL_ADMIN_PLAN","VARCHAR2","Y","4",,,,
"PS_PW_JOB_TEMP","GRADE","VARCHAR2","Y","3",,,,
"PS_PW_JOB_TEMP","STEP","NUMBER","Y","22","38","0",,
"PS_PW_JOB_TEMP","DEPTID","VARCHAR2","Y","10",,,,
"PS_PW_JOB_TEMP","OFFICER_CD","VARCHAR2","Y","1",,,,
"PS_PW_JOB_TEMP","ACTION","VARCHAR2","Y","3",,,,
"PS_PW_JOB_TEMP","ACTION_REASON","VARCHAR2","Y","3",,,,
"PS_PW_JOB_TEMP","X_ORDER_NO","VARCHAR2","Y","20",,,,
"PS_PW_JOB_TEMP","X_ORDER_DT","DATE","Y","7",,,,
"PS_PW_JOB_TEMP","LOCATION","VARCHAR2","Y","10",,,,
"PS_PW_JOB_TEMP","JOBCODE","VARCHAR2","Y","6",,,,
"PS_PW_JOB_TEMP","SETID_DEPT","VARCHAR2","Y","5",,,,
"PS_PW_JOB_TEMP","SUPV_LVL_ID","VARCHAR2","Y","8",,,,
"PS_PW_JOB_TEMP","HR_STATUS","VARCHAR2","Y","1",,,,
"PS_PW_JOB_TEMP","LASTUPDDTTM","TIMESTAMP(6)","Y","11",,"6",,
"VIEW_POSITION_4OT","POS_POSITIONCODE","VARCHAR2","Y","8",,,,
"VIEW_POSITION_4OT","POS_POSITIONNAME","VARCHAR2","Y","255",,,,
"VIEW_POSITION_4OT","POS_REPORTS_TO","VARCHAR2","Y","8",,,,
"VIEW_POSITION_4OT","POS_REPORTS_TONAME","VARCHAR2","Y","255",,,,
"VIEW_POSITION_4OT","POS_DEPT_ID","VARCHAR2","Y","255",,,,
"VIEW_POSITION_4OT","POS_JOB_CODE","VARCHAR2","Y","6",,,,
"VIEW_POSITION_4OT","POS_EFF_DATE","DATE","Y","7",,,,
"VIEW_POSITION_4OT","POS_ISHEADER","VARCHAR2","Y","5",,,,
"VIEW_POSITION_4OT","POS_SUPV_LVL_ID","VARCHAR2","Y","8",,,,
"VIEW_POSITION_4OT","POS_LANG_CD","VARCHAR2","Y","3",,,,
"VIEW_POSITION_4OT","DESCR","VARCHAR2","Y","255",,,,
"VIEW_POSITION_4OT","DESCRSHOT","VARCHAR2","Y","255",,,,
"VIEW_POSITION_4OT_TEMP","POS_POSITIONCODE","VARCHAR2","Y","8",,,,
"VIEW_POSITION_4OT_TEMP","POS_POSITIONNAME","VARCHAR2","Y","255",,,,
"VIEW_POSITION_4OT_TEMP","POS_REPORTS_TO","VARCHAR2","Y","8",,,,
"VIEW_POSITION_4OT_TEMP","POS_REPORTS_TONAME","VARCHAR2","Y","255",,,,
"VIEW_POSITION_4OT_TEMP","POS_DEPT_ID","VARCHAR2","Y","255",,,,
"VIEW_POSITION_4OT_TEMP","POS_JOB_CODE","VARCHAR2","Y","6",,,,
"VIEW_POSITION_4OT_TEMP","POS_EFF_DATE","DATE","Y","7",,,,
"VIEW_POSITION_4OT_TEMP","POS_ISHEADER","VARCHAR2","Y","5",,,,
"VIEW_POSITION_4OT_TEMP","POS_SUPV_LVL_ID","VARCHAR2","Y","8",,,,
"VIEW_POSITION_4OT_TEMP","POS_LANG_CD","VARCHAR2","Y","3",,,,
"VIEW_POSITION_4OT_TEMP","DESCR","VARCHAR2","Y","255",,,,
"VIEW_POSITION_4OT_TEMP","DESCRSHOT","VARCHAR2","Y","255",,,,
"V_BUDGET_CODE","BUDGET_CODE","VARCHAR2","Y","20",,,,
"V_BUDGET_CODE","DESCRIPTION","VARCHAR2","Y","200",,,,
"V_BUDGET_CODE","TYPE_BUDGET","VARCHAR2","Y","5",,,,
"V_BUDGET_CODE","TYPE_CALENDAR","VARCHAR2","Y","1",,,,
"V_BUDGET_CODE","DATE_UPDATE","DATE","Y","7",,,,
"V_BUDGET_CODE","TIME_UPDATE","CHAR","Y","6",,,,
"V_BUDGET_CODE","FLAG_BUDGET","NUMBER","Y","22","1","0",,
"V_BUDGET_CODE","TYPE_CODE_BUDGET","VARCHAR2","Y","1",,,,
"V_BUDGET_CODE","RECEIVE_GROUP","VARCHAR2","Y","5",,,,
"V_BUDGET_CODE","FLAG_ALERT","NUMBER","Y","22",,,,
"V_BUDGET_CODE_TEMP","BUDGET_CODE","VARCHAR2","Y","20",,,,
"V_BUDGET_CODE_TEMP","DESCRIPTION","VARCHAR2","Y","200",,,,
"V_BUDGET_CODE_TEMP","TYPE_BUDGET","VARCHAR2","Y","5",,,,
"V_BUDGET_CODE_TEMP","TYPE_CALENDAR","VARCHAR2","Y","1",,,,
"V_BUDGET_CODE_TEMP","DATE_UPDATE","DATE","Y","7",,,,
"V_BUDGET_CODE_TEMP","TIME_UPDATE","CHAR","Y","6",,,,
"V_BUDGET_CODE_TEMP","FLAG_BUDGET","NUMBER","Y","22","1","0",,
"V_BUDGET_CODE_TEMP","TYPE_CODE_BUDGET","VARCHAR2","Y","1",,,,
"V_BUDGET_CODE_TEMP","RECEIVE_GROUP","VARCHAR2","Y","5",,,,
"V_BUDGET_CODE_TEMP","FLAG_ALERT","NUMBER","Y","22",,,,
"V_TX_OT","BUD_YEAR","DATE","Y","7",,,,
"V_TX_OT","SECTION_CODE","VARCHAR2","Y","20",,,,
"V_TX_OT","SECTION_NAME","VARCHAR2","Y","255",,,,
"V_TX_OT","OUTPUT_PLAN_CODE","VARCHAR2","Y","255",,,,
"V_TX_OT","OUTPUT_PLAN_DESC","VARCHAR2","Y","1000",,,,
"V_TX_OT","ACTIVITY_SUB_CODE","VARCHAR2","Y","255",,,,
"V_TX_OT","ACTIVITY_SUB_DESC","VARCHAR2","Y","1000",,,,
"V_TX_OT","BUDGET_CODE","VARCHAR2","Y","20",,,,
"V_TX_OT","AMOUNT_CF","NUMBER","Y","22",,,,
"V_TX_OT_TEMP","BUD_YEAR","DATE","Y","7",,,,
"V_TX_OT_TEMP","SECTION_CODE","VARCHAR2","Y","20",,,,
"V_TX_OT_TEMP","SECTION_NAME","VARCHAR2","Y","255",,,,
"V_TX_OT_TEMP","OUTPUT_PLAN_CODE","VARCHAR2","Y","255",,,,
"V_TX_OT_TEMP","OUTPUT_PLAN_DESC","VARCHAR2","Y","1000",,,,
"V_TX_OT_TEMP","ACTIVITY_SUB_CODE","VARCHAR2","Y","255",,,,
"V_TX_OT_TEMP","ACTIVITY_SUB_DESC","VARCHAR2","Y","1000",,,,
"V_TX_OT_TEMP","BUDGET_CODE","VARCHAR2","Y","20",,,,
"V_TX_OT_TEMP","AMOUNT_CF","NUMBER","Y","22",,,,
"accommodation_rates","id","NUMBER","N","22",,"0",,
"accommodation_rates","note","CLOB","Y","4000",,,,
"accommodation_rates","created_at","TIMESTAMP(6) WITH LOCAL TIME ZONE","N","11",,"6","CURRENT_TIMESTAMP ",
"accommodation_rates","updated_at","TIMESTAMP(6) WITH LOCAL TIME ZONE","N","11",,"6","CURRENT_TIMESTAMP ",
"accommodation_rates","travel_type","VARCHAR2","N","13",,,,
"accommodation_rates","position_name","VARCHAR2","Y","255",,,,
"accommodation_rates","level_code_start","VARCHAR2","Y","255",,,,
"accommodation_rates","level_code_end","VARCHAR2","Y","255",,,,
"accommodation_rates","position_group_name","VARCHAR2","N","255",,,,
"accommodation_rates","rate_mode","VARCHAR2","N","11",,,,
"accommodation_rates","flat_rate_amount","NUMBER","Y","22","10","2",,
"accommodation_rates","single_room_amount","NUMBER","Y","22","10","2",,
"accommodation_rates","double_room_percentage","NUMBER","Y","22",,"0",,
"accommodation_rates","country_type","VARCHAR2","Y","1",,,,
"amphurs","id","NUMBER","N","22",,"0",,
"amphurs","name_th","VARCHAR2","Y","255",,,,
"amphurs","name_en","VARCHAR2","Y","255",,,,
"amphurs","province_id","NUMBER","Y","22",,"0",,
"amphurs","created_at","TIMESTAMP(6) WITH LOCAL TIME ZONE","Y","11",,"6","CURRENT_TIMESTAMP",
"amphurs","updated_at","TIMESTAMP(6) WITH LOCAL TIME ZONE","Y","11",,"6","CURRENT_TIMESTAMP",
"approval","id","NUMBER","N","22",,"0",,
"approval","increment_id","VARCHAR2","Y","255",,,,
"approval","record_type","VARCHAR2","Y","255",,,,
"approval","name","VARCHAR2","Y","255",,,,
"approval","employee_code","VARCHAR2","Y","255",,,,
"approval","travel_type","VARCHAR2","Y","255",,,,
"approval","international_sub_option","VARCHAR2","Y","255",,,,
"approval","approval_ref","NUMBER","Y","22",,"0",,
"approval","work_start_date","VARCHAR2","Y","255",,,,
"approval","work_end_date","VARCHAR2","Y","255",,,,
"approval","start_country","VARCHAR2","Y","255",,,,
"approval","end_country","VARCHAR2","Y","255",,,,
"approval","remarks","VARCHAR2","Y","255",,,,
"approval","num_travelers","VARCHAR2","Y","255",,,,
"approval","document_no","VARCHAR2","Y","255",,,,
"approval","document_tel","VARCHAR2","Y","255",,,,
"approval","document_to","VARCHAR2","Y","255",,,,
"approval","document_title","CLOB","Y","4000",,,,
"approval","attachment_id","NUMBER","Y","22",,"0",,
"approval","form3_total_outbound","FLOAT","Y","22","126",,,
"approval","form3_total_inbound","FLOAT","Y","22","126",,,
"approval","form3_total_amount","FLOAT","Y","22","126",,,
"approval","exceed_lodging_rights_checked","NUMBER","Y","22","1","0","'0' ",
"approval","exceed_lodging_rights_reason","CLOB","Y","4000",,,,
"approval","form4_total_amount","FLOAT","Y","22","126",,,
"approval","form5_total_amount","FLOAT","Y","22","126",,,
"approval","confidentiality_level","VARCHAR2","Y","4000",,,,
"approval","urgency_level","VARCHAR2","Y","4000",,,,
"approval","departments","VARCHAR2","Y","4000",,,,
"approval","degrees","VARCHAR2","Y","4000",,,,
"approval","staff","VARCHAR2","Y","255",,,,
"approval","comments","VARCHAR2","Y","255",,,,
"approval","approval_date","VARCHAR2","Y","255",,,,
"approval","final_departments","VARCHAR2","Y","4000",,,,
"approval","final_degrees","VARCHAR2","Y","4000",,,,
"approval","final_staff","VARCHAR2","Y","255",,,,
"approval","signer_date","VARCHAR2","Y","255",,,,
"approval","document_ending","VARCHAR2","Y","255",,,,
"approval","document_ending_wording","CLOB","Y","4000",,,,
"approval","signer_name","VARCHAR2","Y","255",,,,
"approval","use_file_signature","NUMBER","Y","22","1","0","'0' ",
"approval","signature_attachment_id","NUMBER","Y","22",,"0",,
"approval","use_system_signature","NUMBER","Y","22","1","0","'0' ",
"approval","created_at","TIMESTAMP(6) WITH LOCAL TIME ZONE","Y","11",,"6","CURRENT_TIMESTAMP",
"approval","updated_at","TIMESTAMP(6) WITH LOCAL TIME ZONE","Y","11",,"6","CURRENT_TIMESTAMP",
"approval","approval_status_label_id","NUMBER","Y","22",,"0",,
"approval","deleted_at","TIMESTAMP(6) WITH LOCAL TIME ZONE","Y","11",,"6",,
"approval","staff_employee_code","VARCHAR2","Y","255",,,,
"approval","final_staff_employee_code","VARCHAR2","Y","255",,,,
"approval","continuous_employee_code","VARCHAR2","Y","255",,,,
"approval","approval_print_number","VARCHAR2","Y","255",,,,
"approval","expense_print_number","VARCHAR2","Y","255",,,,
"approval","created_employee_code","VARCHAR2","Y","255",,,,
"approval","created_employee_name","VARCHAR2","Y","255",,,,
"approval","document_number","VARCHAR2","Y","255",,,,
"approval","is_cancel_approval","NUMBER","Y","22","1","0","'0' ",
"approval_accommodation_expense","id","NUMBER","N","22",,"0",,
"approval_accommodation_expense","total_amount","FLOAT","Y","22","126",,,
"approval_accommodation_expense","has_meal_out","NUMBER","Y","22","1","0","'0' ",
"approval_accommodation_expense","has_meal_in","NUMBER","Y","22","1","0","'0' ",
"approval_accommodation_expense","meal_out_amount","FLOAT","Y","22","126",,,
"approval_accommodation_expense","meal_in_amount","FLOAT","Y","22","126",,,
"approval_accommodation_expense","meal_out_count","FLOAT","Y","22","126",,,
"approval_accommodation_expense","meal_in_count","FLOAT","Y","22","126",,,
"approval_accommodation_expense","allowance_out_checked","NUMBER","Y","22","1","0","'0' ",
"approval_accommodation_expense","allowance_out_rate","FLOAT","Y","22","126",,,
"approval_accommodation_expense","allowance_out_days","FLOAT","Y","22","126",,,
"approval_accommodation_expense","allowance_out_total","FLOAT","Y","22","126",,,
"approval_accommodation_expense","allowance_in_checked","NUMBER","Y","22","1","0","'0' ",
"approval_accommodation_expense","allowance_in_rate","FLOAT","Y","22","126",,,
"approval_accommodation_expense","allowance_in_days","FLOAT","Y","22","126",,,
"approval_accommodation_expense","allowance_in_total","FLOAT","Y","22","126",,,
"approval_accommodation_expense","lodging_fixed_checked","NUMBER","Y","22","1","0","'0' ",
"approval_accommodation_expense","lodging_double_checked","NUMBER","Y","22","1","0","'0' ",
"approval_accommodation_expense","lodging_single_checked","NUMBER","Y","22","1","0","'0' ",
"approval_accommodation_expense","lodging_nights","FLOAT","Y","22","126",,,
"approval_accommodation_expense","lodging_rate","FLOAT","Y","22","126",,,
"approval_accommodation_expense","lodging_double_nights","FLOAT","Y","22","126",,,
"approval_accommodation_expense","lodging_double_rate","FLOAT","Y","22","126",,,
"approval_accommodation_expense","lodging_single_nights","FLOAT","Y","22","126",,,
"approval_accommodation_expense","lodging_single_rate","FLOAT","Y","22","126",,,
"approval_accommodation_expense","lodging_double_person","VARCHAR2","Y","255",,,,
"approval_accommodation_expense","lodging_double_person_external","VARCHAR2","Y","255",,,,
"approval_accommodation_expense","lodging_total","FLOAT","Y","22","126",,,
"approval_accommodation_expense","transport_checked","NUMBER","Y","22","1","0","'0' ",
"approval_accommodation_expense","transport_total","FLOAT","Y","22","126",,,
"approval_accommodation_expense","created_at","TIMESTAMP(6) WITH LOCAL TIME ZONE","Y","11",,"6","CURRENT_TIMESTAMP",
"approval_accommodation_expense","updated_at","TIMESTAMP(6) WITH LOCAL TIME ZONE","Y","11",,"6","CURRENT_TIMESTAMP",
"approval_accommodation_expense","staff_member_id","NUMBER","Y","22",,"0",,
"approval_accommodation_expense","trip_entry_id","NUMBER","Y","22",,"0",,
"approval_accommodation_expense","approval_id","NUMBER","Y","22",,"0",,
"approval_accommodation_expense","work_location_id","NUMBER","Y","22","38","0",,
"approval_accommodation_expense","moving_cost_checked","NUMBER","Y","22","1","0","0",
"approval_accommodation_expense","moving_cost_rate","FLOAT","Y","22","126",,,
"approval_accommodation_expense","allowance_abroad_flat_checked","NUMBER","Y","22","1","0","'0' ",
"approval_accommodation_expense","allowance_abroad_actual_checked","NUMBER","Y","22","1","0","'0' ",
"approval_accommodation_expense","allowance_abroad_flat_rate","FLOAT","Y","22","126",,,
"approval_accommodation_expense","allowance_abroad_actual_rate","FLOAT","Y","22","126",,,
"approval_accommodation_expense","allowance_abroad_days","FLOAT","Y","22","126",,,
"approval_accommodation_expense","allowance_abroad_total","FLOAT","Y","22","126",,,
"approval_accommodation_expense","has_meal_abroad_flat","NUMBER","Y","22","1","0","'0' ",
"approval_accommodation_expense","has_meal_abroad_actual","NUMBER","Y","22","1","0","'0' ",
"approval_accommodation_expense","meal_abroad_flat_count","FLOAT","Y","22","126",,,
"approval_accommodation_expense","meal_abroad_actual_count","FLOAT","Y","22","126",,,
"approval_accommodation_expense","meal_abroad_flat_amount","FLOAT","Y","22","126",,,
"approval_accommodation_expense","meal_abroad_actual_amount","FLOAT","Y","22","126",,,
"approval_accommodation_holiday_expense","id","NUMBER","N","22",,"0",,
"approval_accommodation_holiday_expense","date","VARCHAR2","Y","255",,,,
"approval_accommodation_holiday_expense","thai_date","VARCHAR2","Y","255",,,,
"approval_accommodation_holiday_expense","checked","NUMBER","Y","22","1","0","'0' ",
"approval_accommodation_holiday_expense","time","VARCHAR2","Y","255",,,,
"approval_accommodation_holiday_expense","hours","VARCHAR2","Y","255",,,,
"approval_accommodation_holiday_expense","total","FLOAT","Y","22","126",,,
"approval_accommodation_holiday_expense","note","CLOB","Y","4000",,,,
"approval_accommodation_holiday_expense","created_at","TIMESTAMP(6) WITH LOCAL TIME ZONE","Y","11",,"6","CURRENT_TIMESTAMP",
"approval_accommodation_holiday_expense","updated_at","TIMESTAMP(6) WITH LOCAL TIME ZONE","Y","11",,"6","CURRENT_TIMESTAMP",
"approval_accommodation_holiday_expense","approval_accommodation_expense_id","NUMBER","Y","22",,"0",,
"approval_accommodation_holiday_expense","approval_id","NUMBER","Y","22",,"0",,
"approval_accommodation_transport_expense","id","NUMBER","N","22",,"0",,
"approval_accommodation_transport_expense","type","VARCHAR2","Y","255",,,,
"approval_accommodation_transport_expense","amount","FLOAT","Y","22","126",,,
"approval_accommodation_transport_expense","checked","NUMBER","Y","22","1","0","'0' ",
"approval_accommodation_transport_expense","flight_route","VARCHAR2","Y","255",,,,
"approval_accommodation_transport_expense","created_at","TIMESTAMP(6) WITH LOCAL TIME ZONE","Y","11",,"6","CURRENT_TIMESTAMP",
"approval_accommodation_transport_expense","updated_at","TIMESTAMP(6) WITH LOCAL TIME ZONE","Y","11",,"6","CURRENT_TIMESTAMP",
"approval_accommodation_transport_expense","approval_accommodation_expense_id","NUMBER","Y","22",,"0",,
"approval_accommodation_transport_expense","approval_id","NUMBER","Y","22",,"0",,
"approval_attachments","id","NUMBER","N","22",,"0",,
"approval_attachments","entity_type","VARCHAR2","N","100",,,,
"approval_attachments","entity_id","NUMBER","N","22",,"0",,
"approval_attachments","file_id","NUMBER","N","22",,"0",,
"approval_attachments","created_at","TIMESTAMP(6) WITH LOCAL TIME ZONE","Y","11",,"6","CURRENT_TIMESTAMP",
"approval_attachments","updated_at","TIMESTAMP(6) WITH LOCAL TIME ZONE","Y","11",,"6","CURRENT_TIMESTAMP",
"approval_budgets","id","NUMBER","N","22",,"0",,
"approval_budgets","budget_type","VARCHAR2","Y","255",,,,
"approval_budgets","item_type","VARCHAR2","Y","255",,,,
"approval_budgets","reservation_code","VARCHAR2","Y","255",,,,
"approval_budgets","department","VARCHAR2","Y","255",,,,
"approval_budgets","budget_code","VARCHAR2","Y","255",,,,
"approval_budgets","created_at","TIMESTAMP(6) WITH LOCAL TIME ZONE","Y","11",,"6","CURRENT_TIMESTAMP",
"approval_budgets","updated_at","TIMESTAMP(6) WITH LOCAL TIME ZONE","Y","11",,"6","CURRENT_TIMESTAMP",
"approval_budgets","approval_id","NUMBER","Y","22",,"0",,
"approval_budgets","attachment_id","NUMBER","Y","22",,"0",,
"approval_clothing_expense","id","NUMBER","N","22",,"0",,
"approval_clothing_expense","clothing_file_checked","NUMBER","Y","22","1","0","'0' ",
"approval_clothing_expense","clothing_amount","FLOAT","Y","22","126",,,
"approval_clothing_expense","clothing_reason","CLOB","Y","4000",,,,
"approval_clothing_expense","reporting_date","VARCHAR2","Y","255",,,,
"approval_clothing_expense","next_claim_date","VARCHAR2","Y","255",,,,
"approval_clothing_expense","work_end_date","VARCHAR2","Y","255",,,,
"approval_clothing_expense","created_at","TIMESTAMP(6) WITH LOCAL TIME ZONE","Y","11",,"6","CURRENT_TIMESTAMP",
"approval_clothing_expense","updated_at","TIMESTAMP(6) WITH LOCAL TIME ZONE","Y","11",,"6","CURRENT_TIMESTAMP",
"approval_clothing_expense","approval_accommodation_expense_id","NUMBER","Y","22",,"0",,
"approval_clothing_expense","staff_member_id","NUMBER","Y","22",,"0",,
"approval_clothing_expense","approval_id","NUMBER","Y","22",,"0",,
"approval_clothing_expense","increment_id","VARCHAR2","Y","255",,,,
"approval_clothing_expense","destination_country","VARCHAR2","Y","255",,,,
"approval_clothing_expense","attachment_id","NUMBER","Y","22",,"0",,
"approval_clothing_expense","employee_code","VARCHAR2","Y","255",,,,
"approval_conditions","id","NUMBER","N","22",,"0",,
"approval_conditions","text","CLOB","Y","4000",,,,
"approval_conditions","created_at","TIMESTAMP(6) WITH LOCAL TIME ZONE","Y","11",,"6","CURRENT_TIMESTAMP",
"approval_conditions","updated_at","TIMESTAMP(6) WITH LOCAL TIME ZONE","Y","11",,"6","CURRENT_TIMESTAMP",
"approval_conditions","approval_id","NUMBER","Y","22",,"0",,
"approval_contents","id","NUMBER","N","22",,"0",,
"approval_contents","detail","CLOB","Y","4000",,,,
"approval_contents","created_at","TIMESTAMP(6) WITH LOCAL TIME ZONE","Y","11",,"6","CURRENT_TIMESTAMP",
"approval_contents","updated_at","TIMESTAMP(6) WITH LOCAL TIME ZONE","Y","11",,"6","CURRENT_TIMESTAMP",
"approval_contents","approval_id","NUMBER","Y","22",,"0",,
"approval_continuous","id","NUMBER","N","22",,"0",,
"approval_continuous","employee_code","VARCHAR2","N","255",,,,
"approval_continuous","approval_id","NUMBER","N","22",,"0",,
"approval_continuous","approval_continuous_status_id","NUMBER","N","22",,"0",,
"approval_continuous","created_at","TIMESTAMP(6) WITH LOCAL TIME ZONE","Y","11",,"6","CURRENT_TIMESTAMP",
"approval_continuous","updated_at","TIMESTAMP(6) WITH LOCAL TIME ZONE","Y","11",,"6","CURRENT_TIMESTAMP",
"approval_continuous","created_by","VARCHAR2","Y","255",,,,
"approval_continuous","updated_by","VARCHAR2","Y","255",,,,
"approval_continuous","signer_date","VARCHAR2","Y","255",,,,
"approval_continuous","document_ending","VARCHAR2","Y","255",,,,
"approval_continuous","document_ending_wording","CLOB","Y","4000",,,,
"approval_continuous","signer_name","VARCHAR2","Y","255",,,,
"approval_continuous","use_file_signature","NUMBER","Y","22","1","0","'0' ",
"approval_continuous","signature_attachment_id","NUMBER","Y","22",,"0",,
"approval_continuous","use_system_signature","NUMBER","Y","22","1","0","'0' ",
"approval_continuous","comments","CLOB","Y","4000",,,,
"approval_continuous_status","id","NUMBER","N","22",,"0",,
"approval_continuous_status","status_code","VARCHAR2","N","255",,,,
"approval_continuous_status","label","VARCHAR2","N","255",,,,
"approval_continuous_status","created_at","TIMESTAMP(6) WITH LOCAL TIME ZONE","Y","11",,"6","CURRENT_TIMESTAMP",
"approval_continuous_status","updated_at","TIMESTAMP(6) WITH LOCAL TIME ZONE","Y","11",,"6","CURRENT_TIMESTAMP",
"approval_date_ranges","id","NUMBER","N","22",,"0",,
"approval_date_ranges","start_date","VARCHAR2","Y","255",,,,
"approval_date_ranges","end_date","VARCHAR2","Y","255",,,,
"approval_date_ranges","created_at","TIMESTAMP(6) WITH LOCAL TIME ZONE","Y","11",,"6","CURRENT_TIMESTAMP",
"approval_date_ranges","updated_at","TIMESTAMP(6) WITH LOCAL TIME ZONE","Y","11",,"6","CURRENT_TIMESTAMP",
"approval_date_ranges","approval_id","NUMBER","Y","22",,"0",,
"approval_entertainment_expense","id","NUMBER","N","22",,"0",,
"approval_entertainment_expense","entertainment_short_checked","NUMBER","Y","22","1","0","'0' ",
"approval_entertainment_expense","entertainment_long_checked","NUMBER","Y","22","1","0","'0' ",
"approval_entertainment_expense","entertainment_amount","FLOAT","Y","22","126",,,
"approval_entertainment_expense","created_at","TIMESTAMP(6) WITH LOCAL TIME ZONE","Y","11",,"6","CURRENT_TIMESTAMP",
"approval_entertainment_expense","updated_at","TIMESTAMP(6) WITH LOCAL TIME ZONE","Y","11",,"6","CURRENT_TIMESTAMP",
"approval_entertainment_expense","approval_id","NUMBER","Y","22",,"0",,
"approval_entertainment_expense","staff_member_id","NUMBER","Y","22",,"0",,
"approval_entertainment_expense","approval_accommodation_expense_id","NUMBER","Y","22",,"0",,
"approval_other_expense","id","NUMBER","N","22",,"0",,
"approval_other_expense","type","VARCHAR2","Y","255",,,,
"approval_other_expense","amount","FLOAT","Y","22","126",,,
"approval_other_expense","position","CLOB","Y","4000",,,,
"approval_other_expense","reason","VARCHAR2","Y","255",,,,
"approval_other_expense","acknowledged","NUMBER","Y","22","1","0","'0' ",
"approval_other_expense","created_at","TIMESTAMP(6) WITH LOCAL TIME ZONE","Y","11",,"6","CURRENT_TIMESTAMP",
"approval_other_expense","updated_at","TIMESTAMP(6) WITH LOCAL TIME ZONE","Y","11",,"6","CURRENT_TIMESTAMP",
"approval_other_expense","approval_id","NUMBER","Y","22",,"0",,
"approval_staff_members","id","NUMBER","N","22",,"0",,
"approval_staff_members","employee_code","VARCHAR2","Y","255",,,,
"approval_staff_members","type","VARCHAR2","Y","255",,,,
"approval_staff_members","name","VARCHAR2","Y","255",,,,
"approval_staff_members","role","VARCHAR2","Y","255",,,,
"approval_staff_members","position","VARCHAR2","Y","255",,,,
"approval_staff_members","right_equivalent","VARCHAR2","Y","255",,,,
"approval_staff_members","organization_position","VARCHAR2","Y","255",,,,
"approval_staff_members","created_at","TIMESTAMP(6) WITH LOCAL TIME ZONE","Y","11",,"6","CURRENT_TIMESTAMP",
"approval_staff_members","updated_at","TIMESTAMP(6) WITH LOCAL TIME ZONE","Y","11",,"6","CURRENT_TIMESTAMP",
"approval_staff_members","approval_id","NUMBER","Y","22",,"0",,
"approval_staff_members","cancelled","NUMBER","Y","22","1","0","'0' ",
"approval_status","id","NUMBER","N","22",,"0",,
"approval_status","status","VARCHAR2","Y","255",,,,
"approval_status","created_at","TIMESTAMP(6) WITH LOCAL TIME ZONE","Y","11",,"6","CURRENT_TIMESTAMP",
"approval_status","updated_at","TIMESTAMP(6) WITH LOCAL TIME ZONE","Y","11",,"6","CURRENT_TIMESTAMP",
"approval_status","user_id","NUMBER","N","22",,"0",,
"approval_status","approval_id","NUMBER","Y","22",,"0",,
"approval_status_history","id","NUMBER","N","22",,"0",,
"approval_status_history","approval_status_label_id","NUMBER","N","22",,"0",,
"approval_status_history","created_at","TIMESTAMP(6) WITH LOCAL TIME ZONE","Y","11",,"6","CURRENT_TIMESTAMP",
"approval_status_history","updated_at","TIMESTAMP(6) WITH LOCAL TIME ZONE","Y","11",,"6","CURRENT_TIMESTAMP",
"approval_status_history","approval_id","NUMBER","Y","22",,"0",,
"approval_status_history","created_by","VARCHAR2","N","255",,,,
"approval_status_labels","id","NUMBER","N","22",,"0",,
"approval_status_labels","status_code","VARCHAR2","N","255",,,,
"approval_status_labels","label","VARCHAR2","N","255",,,,
"approval_status_labels","created_at","TIMESTAMP(6) WITH LOCAL TIME ZONE","Y","11",,"6","CURRENT_TIMESTAMP",
"approval_status_labels","updated_at","TIMESTAMP(6) WITH LOCAL TIME ZONE","Y","11",,"6","CURRENT_TIMESTAMP",
"approval_transportation_expense","id","NUMBER","N","22",,"0",,
"approval_transportation_expense","travel_type","VARCHAR2","Y","255",,,,
"approval_transportation_expense","expense_type","VARCHAR2","Y","255",,,,
"approval_transportation_expense","travel_method","VARCHAR2","Y","255",,,,
"approval_transportation_expense","outbound_origin","VARCHAR2","Y","255",,,,
"approval_transportation_expense","outbound_destination","VARCHAR2","Y","255",,,,
"approval_transportation_expense","outbound_trips","VARCHAR2","Y","255",,,,
"approval_transportation_expense","outbound_expense","VARCHAR2","Y","255",,,,
"approval_transportation_expense","outbound_total","VARCHAR2","Y","255",,,,
"approval_transportation_expense","inbound_origin","VARCHAR2","Y","255",,,,
"approval_transportation_expense","inbound_destination","VARCHAR2","Y","255",,,,
"approval_transportation_expense","inbound_trips","VARCHAR2","Y","255",,,,
"approval_transportation_expense","inbound_expense","VARCHAR2","Y","255",,,,
"approval_transportation_expense","inbound_total","VARCHAR2","Y","255",,,,
"approval_transportation_expense","total_amount","VARCHAR2","Y","255",,,,
"approval_transportation_expense","created_at","TIMESTAMP(6) WITH LOCAL TIME ZONE","Y","11",,"6","CURRENT_TIMESTAMP",
"approval_transportation_expense","updated_at","TIMESTAMP(6) WITH LOCAL TIME ZONE","Y","11",,"6","CURRENT_TIMESTAMP",
"approval_transportation_expense","staff_member_id","NUMBER","Y","22",,"0",,
"approval_transportation_expense","work_location_id","NUMBER","Y","22",,"0",,
"approval_transportation_expense","approval_id","NUMBER","Y","22",,"0",,
"approval_trip_date_ranges","id","NUMBER","N","22",,"0",,
"approval_trip_date_ranges","start_date","VARCHAR2","Y","255",,,,
"approval_trip_date_ranges","end_date","VARCHAR2","Y","255",,,,
"approval_trip_date_ranges","created_at","TIMESTAMP(6) WITH LOCAL TIME ZONE","Y","11",,"6","CURRENT_TIMESTAMP",
"approval_trip_date_ranges","updated_at","TIMESTAMP(6) WITH LOCAL TIME ZONE","Y","11",,"6","CURRENT_TIMESTAMP",
"approval_trip_date_ranges","approval_trip_entries_id","NUMBER","Y","22",,"0",,
"approval_trip_date_ranges","approval_id","NUMBER","Y","22",,"0",,
"approval_trip_entries","id","NUMBER","N","22",,"0",,
"approval_trip_entries","location","VARCHAR2","Y","255",,,,
"approval_trip_entries","destination","VARCHAR2","Y","255",,,,
"approval_trip_entries","nearby_provinces","NUMBER","Y","22","1","0","'0' ",
"approval_trip_entries","details","CLOB","Y","4000",,,,
"approval_trip_entries","destination_type","VARCHAR2","Y","13",,,,
"approval_trip_entries","created_at","TIMESTAMP(6) WITH LOCAL TIME ZONE","Y","11",,"6","CURRENT_TIMESTAMP",
"approval_trip_entries","updated_at","TIMESTAMP(6) WITH LOCAL TIME ZONE","Y","11",,"6","CURRENT_TIMESTAMP",
"approval_trip_entries","approval_id","NUMBER","Y","22",,"0",,
"approval_trip_entries","destination_id","NUMBER","Y","22",,"0",,
"approval_trip_entries","destination_table","VARCHAR2","Y","255",,,,
"approval_work_locations","id","NUMBER","N","22",,"0",,
"approval_work_locations","location","VARCHAR2","Y","255",,,,
"approval_work_locations","destination","VARCHAR2","Y","255",,,,
"approval_work_locations","nearby_provinces","NUMBER","Y","22","1","0","'0' ",
"approval_work_locations","details","CLOB","Y","4000",,,,
"approval_work_locations","checked","NUMBER","Y","22","1","0",,
"approval_work_locations","destination_type","VARCHAR2","Y","13",,,,
"approval_work_locations","staff_member_id","NUMBER","Y","22",,"0",,
"approval_work_locations","created_at","TIMESTAMP(6) WITH LOCAL TIME ZONE","Y","11",,"6","CURRENT_TIMESTAMP",
"approval_work_locations","updated_at","TIMESTAMP(6) WITH LOCAL TIME ZONE","Y","11",,"6","CURRENT_TIMESTAMP",
"approval_work_locations","approval_id","NUMBER","Y","22",,"0",,
"approval_work_locations","destination_id","NUMBER","Y","22",,"0",,
"approval_work_locations","destination_table","VARCHAR2","Y","255",,,,
"approval_work_locations_date_ranges","id","NUMBER","N","22",,"0",,
"approval_work_locations_date_ranges","start_date","VARCHAR2","Y","255",,,,
"approval_work_locations_date_ranges","end_date","VARCHAR2","Y","255",,,,
"approval_work_locations_date_ranges","created_at","TIMESTAMP(6) WITH LOCAL TIME ZONE","Y","11",,"6","CURRENT_TIMESTAMP",
"approval_work_locations_date_ranges","updated_at","TIMESTAMP(6) WITH LOCAL TIME ZONE","Y","11",,"6","CURRENT_TIMESTAMP",
"approval_work_locations_date_ranges","approval_work_locations_id","NUMBER","Y","22",,"0",,
"approval_work_locations_date_ranges","approval_id","NUMBER","Y","22",,"0",,
"attire_allowance_rates","id","NUMBER","N","22",,"0",,
"attire_allowance_rates","assignment_type","VARCHAR2","N","9",,,,
"attire_allowance_rates","position_name","CLOB","Y","4000",,,,
"attire_allowance_rates","level_code_start","VARCHAR2","Y","255",,,,
"attire_allowance_rates","level_code_end","VARCHAR2","Y","255",,,,
"attire_allowance_rates","rate_thb","NUMBER","N","22","10","2",,
"attire_allowance_rates","spouse_rate_thb","NUMBER","N","22","10","2",,
"attire_allowance_rates","child_rate_thb","NUMBER","N","22","10","2",,
"attire_allowance_rates","created_at","TIMESTAMP(6) WITH LOCAL TIME ZONE","Y","11",,"6","CURRENT_TIMESTAMP",
"attire_allowance_rates","updated_at","TIMESTAMP(6) WITH LOCAL TIME ZONE","Y","11",,"6","CURRENT_TIMESTAMP",
"attire_allowance_rates","destination_group_code","VARCHAR2","Y","20",,,,
"attire_destination_group_countries","id","NUMBER","N","22",,"0",,
"attire_destination_group_countries","destination_group_id","NUMBER","N","22",,"0",,
"attire_destination_group_countries","country_id","NUMBER","N","22",,"0",,
"attire_destination_group_countries","created_at","TIMESTAMP(6) WITH LOCAL TIME ZONE","Y","11",,"6","CURRENT_TIMESTAMP",
"attire_destination_group_countries","updated_at","TIMESTAMP(6) WITH LOCAL TIME ZONE","Y","11",,"6","CURRENT_TIMESTAMP",
"attire_destination_groups","id","NUMBER","N","22",,"0",,
"attire_destination_groups","group_code","VARCHAR2","N","20",,,,
"attire_destination_groups","group_name","VARCHAR2","N","100",,,,
"attire_destination_groups","assignment_type","VARCHAR2","N","9",,,,
"attire_destination_groups","description","CLOB","Y","4000",,,,
"attire_destination_groups","created_at","TIMESTAMP(6) WITH LOCAL TIME ZONE","Y","11",,"6","CURRENT_TIMESTAMP",
"attire_destination_groups","updated_at","TIMESTAMP(6) WITH LOCAL TIME ZONE","Y","11",,"6","CURRENT_TIMESTAMP",
"audit_logs","id","NUMBER","N","22",,"0",,
"audit_logs","action","VARCHAR2","N","255",,,,
"audit_logs","details","CLOB","Y","4000",,,,
"audit_logs","ip_address","VARCHAR2","Y","255",,,,
"audit_logs","user_agent","VARCHAR2","Y","255",,,,
"audit_logs","status","VARCHAR2","Y","255",,,"'success'",
"audit_logs","category","VARCHAR2","Y","255",,,"'general'",
"audit_logs","created_at","TIMESTAMP(6) WITH LOCAL TIME ZONE","Y","11",,"6","CURRENT_TIMESTAMP",
"audit_logs","employee_code","VARCHAR2","Y","50",,,,
"audit_logs","employee_name","VARCHAR2","Y","255",,,,
"committee_position","id","NUMBER","N","22",,"0",,
"committee_position","name","VARCHAR2","N","255",,,,
"committee_position","created_at","TIMESTAMP(6) WITH LOCAL TIME ZONE","Y","11",,"6","CURRENT_TIMESTAMP",
"committee_position","updated_at","TIMESTAMP(6) WITH LOCAL TIME ZONE","Y","11",,"6","CURRENT_TIMESTAMP",
"countries","id","NUMBER","N","22",,"0",,
"countries","code","VARCHAR2","N","255",,,,
"countries","name_en","VARCHAR2","N","255",,,,
"countries","name_th","VARCHAR2","N","255",,,,
"countries","created_at","TIMESTAMP(6) WITH LOCAL TIME ZONE","Y","11",,"6","CURRENT_TIMESTAMP",
"countries","updated_at","TIMESTAMP(6) WITH LOCAL TIME ZONE","Y","11",,"6","CURRENT_TIMESTAMP",
"countries","type","VARCHAR2","Y","255",,,,
"countries","percent_increase","NUMBER","Y","22",,"0","'0'",
"currencies","id","NUMBER","N","22",,"0",,
"currencies","currency_th","VARCHAR2","Y","100",,,,
"currencies","currency_code_th","VARCHAR2","Y","50",,,,
"currencies","currency_en","VARCHAR2","Y","100",,,,
"currencies","currency_code_en","VARCHAR2","Y","10",,,,
"disbursement_supporting_document_types","id","NUMBER","N","22",,"0",,
"disbursement_supporting_document_types","name","CLOB","N","4000",,,,
"disbursement_supporting_document_types","description","CLOB","Y","4000",,,,
"disbursement_supporting_document_types","created_at","TIMESTAMP(6) WITH LOCAL TIME ZONE","Y","11",,"6","CURRENT_TIMESTAMP",
"disbursement_supporting_document_types","updated_at","TIMESTAMP(6) WITH LOCAL TIME ZONE","Y","11",,"6","CURRENT_TIMESTAMP",
"disbursement_supporting_forms","id","NUMBER","N","22",,"0",,
"disbursement_supporting_forms","document_type_id","NUMBER","Y","22",,"0",,
"disbursement_supporting_forms","name","CLOB","N","4000",,,,
"disbursement_supporting_forms","description","CLOB","Y","4000",,,,
"disbursement_supporting_forms","created_at","TIMESTAMP(6) WITH LOCAL TIME ZONE","Y","11",,"6","CURRENT_TIMESTAMP",
"disbursement_supporting_forms","updated_at","TIMESTAMP(6) WITH LOCAL TIME ZONE","Y","11",,"6","CURRENT_TIMESTAMP",
"disbursement_supporting_forms","remark","VARCHAR2","Y","4000",,,,
"disbursement_supporting_questions","id","NUMBER","N","22",,"0",,
"disbursement_supporting_questions","form_id","NUMBER","Y","22",,"0",,
"disbursement_supporting_questions","question_text","CLOB","N","4000",,,,
"disbursement_supporting_questions","question_content","VARCHAR2","Y","4000",,,,
"disbursement_supporting_questions","created_at","TIMESTAMP(6) WITH LOCAL TIME ZONE","Y","11",,"6","CURRENT_TIMESTAMP",
"disbursement_supporting_questions","updated_at","TIMESTAMP(6) WITH LOCAL TIME ZONE","Y","11",,"6","CURRENT_TIMESTAMP",
"domestic_moving_allowances","id","NUMBER","N","22",,"0",,
"domestic_moving_allowances","distance_start_km","NUMBER","N","22",,"0",,
"domestic_moving_allowances","distance_end_km","NUMBER","N","22",,"0",,
"domestic_moving_allowances","rate_baht","NUMBER","N","22","10","2",,
"domestic_moving_allowances","created_at","TIMESTAMP(6) WITH LOCAL TIME ZONE","N","11",,"6","CURRENT_TIMESTAMP ",
"domestic_moving_allowances","updated_at","TIMESTAMP(6) WITH LOCAL TIME ZONE","N","11",,"6","CURRENT_TIMESTAMP ",
"employee_admin","id","NUMBER","N","22",,"0",,
"employee_admin","pmt_code","VARCHAR2","N","255",,,,
"employee_admin","employee_code","VARCHAR2","N","255",,,,
"employee_admin","employee_name","VARCHAR2","N","255",,,,
"employee_admin","position","VARCHAR2","Y","255",,,,
"employee_admin","department","VARCHAR2","Y","255",,,,
"employee_admin","division","VARCHAR2","Y","255",,,,
"employee_admin","section","VARCHAR2","Y","255",,,,
"employee_admin","is_active","NUMBER","Y","22","1","0","'1' ",
"employee_admin","is_suspended","NUMBER","Y","22","1","0","'0' ",
"employee_admin","suspended_until","TIMESTAMP(6) WITH LOCAL TIME ZONE","Y","11",,"6",,
"employee_admin","created_by","VARCHAR2","Y","255",,,,
"employee_admin","updated_by","VARCHAR2","Y","255",,,,
"employee_admin","created_at","TIMESTAMP(6) WITH LOCAL TIME ZONE","Y","11",,"6","CURRENT_TIMESTAMP",
"employee_admin","updated_at","TIMESTAMP(6) WITH LOCAL TIME ZONE","Y","11",,"6","CURRENT_TIMESTAMP",
"employee_admin","deleted_at","TIMESTAMP(6) WITH LOCAL TIME ZONE","Y","11",,"6",,
"entertainment_allowance_levels","id","NUMBER","N","22",,"0",,
"entertainment_allowance_levels","allowance_id","NUMBER","N","22",,"0",,
"entertainment_allowance_levels","created_at","TIMESTAMP(6) WITH LOCAL TIME ZONE","Y","11",,"6","CURRENT_TIMESTAMP",
"entertainment_allowance_levels","updated_at","TIMESTAMP(6) WITH LOCAL TIME ZONE","Y","11",,"6","CURRENT_TIMESTAMP",
"entertainment_allowance_levels","privilege_id","NUMBER","Y","22",,"0",,
"entertainment_allowance_levels","privilege_name","VARCHAR2","Y","255",,,,
"entertainment_allowances","id","NUMBER","N","22",,"0",,
"entertainment_allowances","title","VARCHAR2","N","600",,,,
"entertainment_allowances","min_days","NUMBER","N","22",,"0",,
"entertainment_allowances","max_days","NUMBER","N","22",,"0",,
"entertainment_allowances","amount","NUMBER","N","22","10","2",,
"entertainment_allowances","created_at","TIMESTAMP(6) WITH LOCAL TIME ZONE","Y","11",,"6","CURRENT_TIMESTAMP",
"entertainment_allowances","updated_at","TIMESTAMP(6) WITH LOCAL TIME ZONE","Y","11",,"6","CURRENT_TIMESTAMP",
"entertainment_allowances","privilege_id","NUMBER","Y","22",,"0",,
"entertainment_allowances","privilege_name","VARCHAR2","Y","255",,,,
"entertainment_form_status","id","NUMBER","N","22",,"0",,
"entertainment_form_status","name","VARCHAR2","N","50",,,,
"entertainment_form_status","description","VARCHAR2","Y","255",,,,
"entertainment_form_status","created_at","TIMESTAMP(6) WITH LOCAL TIME ZONE","Y","11",,"6","CURRENT_TIMESTAMP",
"expenses_bangkok_to_place","id","NUMBER","N","22",,"0",,
"expenses_bangkok_to_place","amphur_id","NUMBER","Y","22",,"0",,
"expenses_bangkok_to_place","place_id","NUMBER","Y","22",,"0",,
"expenses_bangkok_to_place","rate","NUMBER","N","22","10","2",,
"expenses_bangkok_to_place","created_at","TIMESTAMP(6) WITH LOCAL TIME ZONE","Y","11",,"6","CURRENT_TIMESTAMP",
"expenses_bangkok_to_place","updated_at","TIMESTAMP(6) WITH LOCAL TIME ZONE","Y","11",,"6","CURRENT_TIMESTAMP",
"expenses_other","id","NUMBER","N","22",,"0",,
"expenses_other","name","CLOB","N","4000",,,,
"expenses_other","created_at","TIMESTAMP(6) WITH LOCAL TIME ZONE","Y","11",,"6","CURRENT_TIMESTAMP",
"expenses_other","updated_at","TIMESTAMP(6) WITH LOCAL TIME ZONE","Y","11",,"6","CURRENT_TIMESTAMP",
"expenses_other_conditions","id","NUMBER","N","22",,"0",,
"expenses_other_conditions","expenses_other_id","NUMBER","N","22",,"0",,
"expenses_other_conditions","position_code","VARCHAR2","Y","255",,,,
"expenses_other_conditions","level_code","VARCHAR2","Y","255",,,,
"expenses_other_conditions","scope","VARCHAR2","Y","13",,,,
"expenses_other_conditions","max_amount","NUMBER","N","22","10","2",,
"expenses_other_conditions","created_at","TIMESTAMP(6) WITH LOCAL TIME ZONE","Y","11",,"6","CURRENT_TIMESTAMP",
"expenses_other_conditions","updated_at","TIMESTAMP(6) WITH LOCAL TIME ZONE","Y","11",,"6","CURRENT_TIMESTAMP",
"expenses_other_conditions","position_name","VARCHAR2","Y","255",,,,
"expenses_vehicle","id","NUMBER","N","22",,"0",,
"expenses_vehicle","code","VARCHAR2","N","255",,,,
"expenses_vehicle","title","CLOB","N","4000",,,,
"expenses_vehicle","rate","NUMBER","N","22","10","2",,
"expenses_vehicle","created_at","TIMESTAMP(6) WITH LOCAL TIME ZONE","Y","11",,"6","CURRENT_TIMESTAMP",
"expenses_vehicle","updated_at","TIMESTAMP(6) WITH LOCAL TIME ZONE","Y","11",,"6","CURRENT_TIMESTAMP",
"files","id","NUMBER","N","22",,"0",,
"files","original_name","VARCHAR2","N","600",,,,
"files","file_name","VARCHAR2","N","600",,,,
"files","mime_type","VARCHAR2","N","255",,,,
"files","size","NUMBER","N","22",,"0",,
"files","path","VARCHAR2","N","255",,,,
"files","created_at","TIMESTAMP(6) WITH LOCAL TIME ZONE","Y","11",,"6","CURRENT_TIMESTAMP",
"files","updated_at","TIMESTAMP(6) WITH LOCAL TIME ZONE","Y","11",,"6","CURRENT_TIMESTAMP",
"holiday_work_hours","id","NUMBER","N","22",,"0",,
"holiday_work_hours","rate_id","NUMBER","N","22",,"0",,
"holiday_work_hours","hour","NUMBER","N","22",,"0",,
"holiday_work_hours","work_pay","NUMBER","N","22","10","2",,
"holiday_work_hours","tax_rate","NUMBER","N","22","10","2","'0' ",
"holiday_work_hours","created_at","TIMESTAMP(6) WITH LOCAL TIME ZONE","Y","11",,"6","CURRENT_TIMESTAMP",
"holiday_work_hours","updated_at","TIMESTAMP(6) WITH LOCAL TIME ZONE","Y","11",,"6","CURRENT_TIMESTAMP",
"holiday_work_rates","id","NUMBER","N","22",,"0",,
"holiday_work_rates","step_level","NUMBER","N","22","4","2",,
"holiday_work_rates","salary","NUMBER","N","22","10","2",,
"holiday_work_rates","created_at","TIMESTAMP(6) WITH LOCAL TIME ZONE","Y","11",,"6","CURRENT_TIMESTAMP",
"holiday_work_rates","updated_at","TIMESTAMP(6) WITH LOCAL TIME ZONE","Y","11",,"6","CURRENT_TIMESTAMP",
"international_moving_allowances","id","NUMBER","N","22",,"0",,
"international_moving_allowances","office","VARCHAR2","N","255",,,,
"international_moving_allowances","currency","VARCHAR2","N","255",,,,
"international_moving_allowances","director_salary","NUMBER","N","22","10","2",,
"international_moving_allowances","deputy_director_salary","NUMBER","N","22","10","2",,
"international_moving_allowances","created_at","TIMESTAMP(6) WITH LOCAL TIME ZONE","N","11",,"6","CURRENT_TIMESTAMP ",
"international_moving_allowances","updated_at","TIMESTAMP(6) WITH LOCAL TIME ZONE","N","11",,"6","CURRENT_TIMESTAMP ",
"knex_migrations","id","NUMBER","N","22",,"0",,
"knex_migrations","name","VARCHAR2","Y","255",,,,
"knex_migrations","batch","NUMBER","Y","22",,"0",,
"knex_migrations","migration_time","TIMESTAMP(6) WITH LOCAL TIME ZONE","Y","11",,"6",,
"knex_migrations_lock","index","NUMBER","N","22",,"0",,
"knex_migrations_lock","is_locked","NUMBER","Y","22",,"0",,
"masterdata_labels","id","NUMBER","N","22",,"0",,
"masterdata_labels","table_name","VARCHAR2","N","500",,,,
"masterdata_labels","table_description","VARCHAR2","Y","1000",,,,
"masterdata_labels","document_reference","VARCHAR2","N","1000",,,,"Reference document number or identifier"
"masterdata_labels","document_name","VARCHAR2","N","1000",,,,"Name of the reference document"
"masterdata_labels","document_date","DATE","Y","7",,,,"Date of the reference document"
"masterdata_labels","document_url","VARCHAR2","Y","1000",,,,"URL to the reference document if available"
"masterdata_labels","updated_by","VARCHAR2","N","255",,,,
"masterdata_labels","created_at","TIMESTAMP(6) WITH LOCAL TIME ZONE","Y","11",,"6","CURRENT_TIMESTAMP",
"masterdata_labels","updated_at","TIMESTAMP(6) WITH LOCAL TIME ZONE","Y","11",,"6","CURRENT_TIMESTAMP",
"meal_allowance","meal_allowance_id","NUMBER","N","22",,"0",,
"meal_allowance","type","VARCHAR2","Y","255",,,,
"meal_allowance","rate_per_day","FLOAT","Y","22","126",,,
"meal_allowance","location","VARCHAR2","Y","6",,,,
"meal_allowance","created_at","TIMESTAMP(6) WITH LOCAL TIME ZONE","Y","11",,"6","CURRENT_TIMESTAMP",
"meal_allowance","updated_at","TIMESTAMP(6) WITH LOCAL TIME ZONE","Y","11",,"6","CURRENT_TIMESTAMP",
"meal_allowance","rate_per_2_days","FLOAT","Y","22","126",,,
"meal_allowance_level","meal_allowance_id","NUMBER","N","22",,"0",,
"meal_allowance_level","level","VARCHAR2","N","255",,,,
"meeting_expense_report_food_rows","id","NUMBER","N","22","20","0",,
"meeting_expense_report_food_rows","meeting_expense_report_id","NUMBER","N","22","20","0",,"FK to meeting_expense_reports.id"
"meeting_expense_report_food_rows","meal_type","VARCHAR2","N","7",,,,""
"meeting_expense_report_food_rows","meal_name","VARCHAR2","N","50",,,," (, , )"
"meeting_expense_report_food_rows","checked","NUMBER","Y","22","1","0","'0' ",""
"meeting_expense_report_food_rows","rate","NUMBER","Y","22","10","2","'0'"," ()"
"meeting_expense_report_food_rows","amount","NUMBER","Y","22","15","2","'0'"," ()"
"meeting_expense_report_food_rows","receipt","VARCHAR2","Y","255",,,,"/"
"meeting_expense_report_food_rows","receipt_date","DATE","Y","7",,,,"   "
"meeting_expense_report_food_rows","created_at","TIMESTAMP(6) WITH LOCAL TIME ZONE","Y","11",,"6","CURRENT_TIMESTAMP",
"meeting_expense_report_food_rows","updated_at","TIMESTAMP(6) WITH LOCAL TIME ZONE","Y","11",,"6","CURRENT_TIMESTAMP",
"meeting_expense_report_snack_rows","id","NUMBER","N","22","20","0",,
"meeting_expense_report_snack_rows","meeting_expense_report_id","NUMBER","N","22","20","0",,"FK to meeting_expense_reports.id"
"meeting_expense_report_snack_rows","snack_type","VARCHAR2","N","9",,,,""
"meeting_expense_report_snack_rows","snack_name","VARCHAR2","N","50",,,," (, )"
"meeting_expense_report_snack_rows","checked","NUMBER","Y","22","1","0","'0' ",""
"meeting_expense_report_snack_rows","rate","NUMBER","Y","22","10","2","'0'"," ()"
"meeting_expense_report_snack_rows","amount","NUMBER","Y","22","15","2","'0'"," ()"
"meeting_expense_report_snack_rows","receipt","VARCHAR2","Y","255",,,,"/"
"meeting_expense_report_snack_rows","receipt_date","DATE","Y","7",,,,"   "
"meeting_expense_report_snack_rows","created_at","TIMESTAMP(6) WITH LOCAL TIME ZONE","Y","11",,"6","CURRENT_TIMESTAMP",
"meeting_expense_report_snack_rows","updated_at","TIMESTAMP(6) WITH LOCAL TIME ZONE","Y","11",,"6","CURRENT_TIMESTAMP",
"meeting_expense_reports","id","NUMBER","N","22","20","0",,
"meeting_expense_reports","department","VARCHAR2","Y","255",,,,""
"meeting_expense_reports","section","VARCHAR2","Y","255",,,,""
"meeting_expense_reports","job","VARCHAR2","Y","255",,,,""
"meeting_expense_reports","employee_id","VARCHAR2","Y","50",,,,""
"meeting_expense_reports","name","VARCHAR2","Y","255",,,,""
"meeting_expense_reports","position","VARCHAR2","Y","255",,,,""
"meeting_expense_reports","topic","VARCHAR2","Y","500",,,,""
"meeting_expense_reports","place","VARCHAR2","Y","500",,,,""
"meeting_expense_reports","meeting_type","VARCHAR2","N","255",,,,""
"meeting_expense_reports","chairman","VARCHAR2","Y","255",,,,""
"meeting_expense_reports","attendees","VARCHAR2","N","255",,,," ()"
"meeting_expense_reports","meeting_date","DATE","N","7",,,,""
"meeting_expense_reports","total_amount","NUMBER","Y","22","15","2","'0'",""
"meeting_expense_reports","status","VARCHAR2","Y","8",,,"'draft' ",""
"meeting_expense_reports","status_description","VARCHAR2","Y","255",,,,""
"meeting_expense_reports","created_by","VARCHAR2","Y","50",,,,""
"meeting_expense_reports","created_at","TIMESTAMP(6) WITH LOCAL TIME ZONE","Y","11",,"6","CURRENT_TIMESTAMP",""
"meeting_expense_reports","updated_at","TIMESTAMP(6) WITH LOCAL TIME ZONE","Y","11",,"6","CURRENT_TIMESTAMP",""
"meeting_expense_reports","deleted_at","TIMESTAMP(6) WITH LOCAL TIME ZONE","Y","11",,"6",," (soft delete)"
"meeting_type_rates","id","NUMBER","N","22","20","0",,
"meeting_type_rates","meeting_type_id","NUMBER","N","22","20","0",,"FK to meeting_types.id"
"meeting_type_rates","meal_type","VARCHAR2","N","5",,,," (/)"
"meeting_type_rates","meal_period","VARCHAR2","N","9",,,,""
"meeting_type_rates","rate","NUMBER","N","22","10","2",," ()"
"meeting_type_rates","is_active","NUMBER","Y","22","1","0","'1' ",""
"meeting_type_rates","effective_date","DATE","N","7",,,,""
"meeting_type_rates","expiry_date","DATE","Y","7",,,,""
"meeting_type_rates","created_at","TIMESTAMP(6) WITH LOCAL TIME ZONE","Y","11",,"6","CURRENT_TIMESTAMP",
"meeting_type_rates","updated_at","TIMESTAMP(6) WITH LOCAL TIME ZONE","Y","11",,"6","CURRENT_TIMESTAMP",
"meeting_types","id","NUMBER","N","22","20","0",,
"meeting_types","name","VARCHAR2","N","255",,,,""
"meeting_types","description","CLOB","Y","4000",,,,""
"meeting_types","is_active","NUMBER","Y","22","1","0","'1' ",""
"meeting_types","sort_order","NUMBER","Y","22",,"0","'0'",""
"meeting_types","created_at","TIMESTAMP(6) WITH LOCAL TIME ZONE","Y","11",,"6","CURRENT_TIMESTAMP",
"meeting_types","updated_at","TIMESTAMP(6) WITH LOCAL TIME ZONE","Y","11",,"6","CURRENT_TIMESTAMP",
"menu_items_access","id","NUMBER","N","22",,"0",,
"menu_items_access","key_name","VARCHAR2","N","255",,,,
"menu_items_access","title","VARCHAR2","N","255",,,,
"menu_items_access","parent_key","VARCHAR2","Y","255",,,,
"menu_items_access","is_active","NUMBER","Y","22","1","0","'1' ",
"menu_items_access","is_admin","NUMBER","Y","22","1","0","'0' ",
"menu_items_access","created_at","TIMESTAMP(6) WITH LOCAL TIME ZONE","Y","11",,"6","CURRENT_TIMESTAMP",
"menu_items_access","updated_at","TIMESTAMP(6) WITH LOCAL TIME ZONE","Y","11",,"6","CURRENT_TIMESTAMP",
"notifications","id","NUMBER","N","22",,"0",,
"notifications","employee_code","VARCHAR2","N","255",,,,
"notifications","title","VARCHAR2","N","255",,,,
"notifications","message","CLOB","N","4000",,,,
"notifications","type","VARCHAR2","N","255",,,,
"notifications","entity_type","VARCHAR2","N","255",,,,
"notifications","entity_id","NUMBER","N","22",,"0",,
"notifications","metadata","VARCHAR2","Y","4000",,,,
"notifications","is_read","NUMBER","Y","22","1","0","'0' ",
"notifications","read_at","TIMESTAMP(6) WITH LOCAL TIME ZONE","Y","11",,"6",,
"notifications","created_at","TIMESTAMP(6) WITH LOCAL TIME ZONE","Y","11",,"6","CURRENT_TIMESTAMP",
"notifications","updated_at","TIMESTAMP(6) WITH LOCAL TIME ZONE","Y","11",,"6","CURRENT_TIMESTAMP",
"office_domestic","id","NUMBER","N","22",,"0",,
"office_domestic","name","VARCHAR2","N","255",,,,
"office_domestic","region","VARCHAR2","N","255",,,,
"office_domestic","is_head_office","NUMBER","Y","22","1","0","'0' ",
"office_domestic","created_at","TIMESTAMP(6) WITH LOCAL TIME ZONE","Y","11",,"6","CURRENT_TIMESTAMP",
"office_domestic","updated_at","TIMESTAMP(6) WITH LOCAL TIME ZONE","Y","11",,"6","CURRENT_TIMESTAMP",
"office_domestic","province_id","NUMBER","Y","22",,"0",,
"office_international","id","NUMBER","N","22",,"0",,
"office_international","name","VARCHAR2","N","255",,,,
"office_international","region","VARCHAR2","N","255",,,,
"office_international","created_at","TIMESTAMP(6) WITH LOCAL TIME ZONE","Y","11",,"6","CURRENT_TIMESTAMP",
"office_international","updated_at","TIMESTAMP(6) WITH LOCAL TIME ZONE","Y","11",,"6","CURRENT_TIMESTAMP",
"office_international","country_id","NUMBER","Y","22",,"0",,
"office_international","currency_id","NUMBER","Y","22",,"0",,
"office_international","pog_code","VARCHAR2","Y","255",,,,
"outsider_equivalent","id","NUMBER","N","22",,"0",,
"outsider_equivalent","name","VARCHAR2","N","255",,,,
"outsider_equivalent","created_at","TIMESTAMP(6) WITH LOCAL TIME ZONE","Y","11",,"6","CURRENT_TIMESTAMP",
"outsider_equivalent","updated_at","TIMESTAMP(6) WITH LOCAL TIME ZONE","Y","11",,"6","CURRENT_TIMESTAMP",
"per_diem_rates","id","NUMBER","N","22",,"0",,
"per_diem_rates","position_group","VARCHAR2","N","255",,,,
"per_diem_rates","position_name","VARCHAR2","Y","255",,,,
"per_diem_rates","level_code_start","VARCHAR2","Y","255",,,,
"per_diem_rates","level_code_end","VARCHAR2","Y","255",,,,
"per_diem_rates","area_type","VARCHAR2","N","6",,,,
"per_diem_rates","per_diem_standard","NUMBER","N","22","10","2",,
"per_diem_rates","is_editable_per_diem","NUMBER","N","22","1","0","'0' ",
"per_diem_rates","max_per_diem","NUMBER","Y","22","10","2",,
"per_diem_rates","created_at","TIMESTAMP(6) WITH LOCAL TIME ZONE","N","11",,"6","CURRENT_TIMESTAMP ",
"per_diem_rates","updated_at","TIMESTAMP(6) WITH LOCAL TIME ZONE","N","11",,"6","CURRENT_TIMESTAMP ",
"places","id","NUMBER","N","22",,"0",,
"places","name","CLOB","N","4000",,,,
"places","created_at","TIMESTAMP(6) WITH LOCAL TIME ZONE","Y","11",,"6","CURRENT_TIMESTAMP",
"places","updated_at","TIMESTAMP(6) WITH LOCAL TIME ZONE","Y","11",,"6","CURRENT_TIMESTAMP",
"privilege","id","NUMBER","N","22",,"0",,
"privilege","name","VARCHAR2","Y","255",,,,
"privilege","is_committee_position","NUMBER","Y","22","1","0",,
"privilege","is_outsider_equivalent","NUMBER","Y","22","1","0",,
"privilege","created_at","TIMESTAMP(6) WITH LOCAL TIME ZONE","Y","11",,"6","CURRENT_TIMESTAMP",
"privilege","updated_at","TIMESTAMP(6) WITH LOCAL TIME ZONE","Y","11",,"6","CURRENT_TIMESTAMP",
"privilege","confidential_level","VARCHAR2","Y","12",,,"'NORMAL' ",
"provinces","id","NUMBER","N","22",,"0",,
"provinces","name_th","VARCHAR2","Y","255",,,,
"provinces","name_en","VARCHAR2","Y","255",,,,
"provinces","created_at","TIMESTAMP(6) WITH LOCAL TIME ZONE","Y","11",,"6","CURRENT_TIMESTAMP",
"provinces","updated_at","TIMESTAMP(6) WITH LOCAL TIME ZONE","Y","11",,"6","CURRENT_TIMESTAMP",
"provinces","is_perimeter","NUMBER","Y","22","1","0","'0' ",
"report_accommodation","accommodation_id","NUMBER","N","22",,"0",,
"report_accommodation","form_id","NUMBER","Y","22",,"0",,
"report_accommodation","type","VARCHAR2","Y","255",,,,
"report_accommodation","price_per_day","FLOAT","Y","22","126",,,
"report_accommodation","days","NUMBER","Y","22",,"0",,
"report_accommodation","total","FLOAT","Y","22","126",,,
"report_allowance","allowance_id","NUMBER","N","22",,"0",,
"report_allowance","form_id","NUMBER","Y","22",,"0",,
"report_allowance","type","VARCHAR2","Y","255",,,,
"report_allowance","category","VARCHAR2","Y","255",,,,
"report_allowance","sub_category","VARCHAR2","Y","255",,,,
"report_allowance","days","NUMBER","Y","22",,"0",,
"report_allowance","total","FLOAT","Y","22","126",,,
"report_approve","id","NUMBER","N","22",,"0",,
"report_approve","title","VARCHAR2","Y","255",,,,
"report_approve","creator_name","VARCHAR2","Y","255",,,,
"report_approve","creator_code","VARCHAR2","Y","100",,,,
"report_approve","document_number","VARCHAR2","Y","100",,,,
"report_approve","approve_id","NUMBER","Y","22",,"0",,
"report_approve","status","NUMBER","Y","22",,"0","'1' ",
"report_approve","created_at","TIMESTAMP(6) WITH LOCAL TIME ZONE","Y","11",,"6","CURRENT_TIMESTAMP",
"report_approve","updated_at","TIMESTAMP(6) WITH LOCAL TIME ZONE","Y","11",,"6","CURRENT_TIMESTAMP",
"report_approve","deleted_at","TIMESTAMP(6) WITH LOCAL TIME ZONE","Y","11",,"6",,
"report_approve_status","id","NUMBER","N","22",,"0",,
"report_approve_status","status","VARCHAR2","N","255",,,,
"report_approve_status","created_at","TIMESTAMP(6) WITH LOCAL TIME ZONE","Y","11",,"6","CURRENT_TIMESTAMP",
"report_approve_status","updated_at","TIMESTAMP(6) WITH LOCAL TIME ZONE","Y","11",,"6","CURRENT_TIMESTAMP",
"report_daily_travel_detail","detail_id","NUMBER","N","22",,"0",,
"report_daily_travel_detail","form_id","NUMBER","N","22",,"0",,
"report_daily_travel_detail","departure_place","VARCHAR2","Y","255",,,,
"report_daily_travel_detail","departure_date","DATE","Y","7",,,,
"report_daily_travel_detail","departure_time","VARCHAR2","Y","255",,,,
"report_daily_travel_detail","return_place","VARCHAR2","Y","255",,,,
"report_daily_travel_detail","return_date","DATE","Y","7",,,,
"report_daily_travel_detail","return_time","VARCHAR2","Y","255",,,,
"report_daily_travel_detail","travel_details","VARCHAR2","Y","255",,,,
"report_entertainment_form","id","NUMBER","N","22","20","0",,
"report_entertainment_form","employee_id","VARCHAR2","N","50",,,,""
"report_entertainment_form","employee_name","VARCHAR2","N","255",,,,""
"report_entertainment_form","employee_position","VARCHAR2","N","255",,,,""
"report_entertainment_form","department","VARCHAR2","N","255",,,,"//"
"report_entertainment_form","section","VARCHAR2","Y","255",,,,"//"
"report_entertainment_form","job","VARCHAR2","N","255",,,,"/"
"report_entertainment_form","status_id","NUMBER","Y","22",,"0","'1'",
"report_entertainment_form","total_amount","NUMBER","Y","22","15","2","'0'",""
"report_entertainment_form","approved_by","VARCHAR2","Y","50",,,,""
"report_entertainment_form","approved_at","TIMESTAMP(6) WITH LOCAL TIME ZONE","Y","11",,"6",,""
"report_entertainment_form","approved_comment","CLOB","Y","4000",,,,""
"report_entertainment_form","created_by","VARCHAR2","N","50",,,,
"report_entertainment_form","created_at","TIMESTAMP(6) WITH LOCAL TIME ZONE","Y","11",,"6","CURRENT_TIMESTAMP",
"report_entertainment_form","updated_by","VARCHAR2","Y","50",,,,
"report_entertainment_form","updated_at","TIMESTAMP(6) WITH LOCAL TIME ZONE","Y","11",,"6","CURRENT_TIMESTAMP",
"report_entertainment_items","id","NUMBER","N","22","20","0",,
"report_entertainment_items","report_id","NUMBER","N","22","20","0",,
"report_entertainment_items","description","CLOB","Y","4000",,,,""
"report_entertainment_items","people_count","VARCHAR2","Y","50",,,,""
"report_entertainment_items","venue","VARCHAR2","N","255",,,,""
"report_entertainment_items","event_date","DATE","N","7",,,,""
"report_entertainment_items","purpose","CLOB","Y","4000",,,,"/"
"report_entertainment_items","receipt_number","VARCHAR2","Y","100",,,,""
"report_entertainment_items","receipt_book","VARCHAR2","Y","50",,,,""
"report_entertainment_items","amount","NUMBER","N","22","15","2","'0' ",""
"report_entertainment_items","amount_text","VARCHAR2","Y","500",,,,""
"report_entertainment_items","display_order","NUMBER","Y","22",,"0","'0'",
"report_holiday_wage_detail","holiday_id","NUMBER","N","22",,"0",,
"report_holiday_wage_detail","form_id","NUMBER","N","22",,"0",,
"report_holiday_wage_detail","date","DATE","Y","7",,,,
"report_holiday_wage_detail","hours","NUMBER","Y","22",,"0",,
"report_holiday_wage_detail","year","NUMBER","Y","22",,"0",,
"report_holiday_wage_detail","wage","FLOAT","Y","22","126",,,
"report_holiday_wage_detail","tax","FLOAT","Y","22","126",,,
"report_holiday_wage_detail","total","FLOAT","Y","22","126",,,
"report_other_expense","expense_id","NUMBER","N","22",,"0",,
"report_other_expense","form_id","NUMBER","Y","22",,"0",,
"report_other_expense","name","VARCHAR2","Y","255",,,,
"report_other_expense","amount","FLOAT","Y","22","126",,,
"report_other_expense","certificate_file_path","VARCHAR2","Y","255",,,,
"report_transportation","transport_id","NUMBER","N","22",,"0",,
"report_transportation","form_id","NUMBER","Y","22",,"0",,
"report_transportation","type","VARCHAR2","Y","255",,,,
"report_transportation","from_place","VARCHAR2","Y","255",,,,
"report_transportation","to_place","VARCHAR2","Y","255",,,,
"report_transportation","date","DATE","Y","7",,,,
"report_transportation","amount","FLOAT","Y","22","126",,,
"report_transportation","receipt_file_path","VARCHAR2","Y","255",,,,
"report_traveller","traveler_id","NUMBER","N","22",,"0",,
"report_traveller","report_id","NUMBER","N","22",,"0",,
"report_traveller","name","VARCHAR2","Y","255",,,,
"report_traveller","position","VARCHAR2","Y","255",,,,
"report_traveller","level","VARCHAR2","Y","255",,,,
"report_traveller","type","VARCHAR2","Y","255",,,,
"report_traveller","created_at","TIMESTAMP(6) WITH LOCAL TIME ZONE","Y","11",,"6","CURRENT_TIMESTAMP",
"report_traveller","updated_at","TIMESTAMP(6) WITH LOCAL TIME ZONE","Y","11",,"6","CURRENT_TIMESTAMP",
"report_traveller","traveller_code","VARCHAR2","Y","255",,,,
"report_traveller_form","form_id","NUMBER","N","22",,"0",,
"report_traveller_form","traveler_id","NUMBER","N","22",,"0",,
"report_traveller_form","report_id","NUMBER","N","22",,"0",,
"report_traveller_form","job","VARCHAR2","Y","255",,,,
"report_traveller_form","department","VARCHAR2","Y","255",,,,
"report_traveller_form","date","DATE","Y","7",,,,
"report_traveller_form","travel_order","VARCHAR2","Y","255",,,,
"report_traveller_form","travel_order_date","DATE","Y","7",,,,
"report_traveller_form","companions","VARCHAR2","Y","255",,,,
"report_traveller_form","destination","VARCHAR2","Y","255",,,,
"report_traveller_form","location","VARCHAR2","Y","255",,,,
"report_traveller_form","departure_place","VARCHAR2","Y","255",,,,
"report_traveller_form","departure_date","DATE","Y","7",,,,
"report_traveller_form","departure_time","VARCHAR2","Y","255",,,,
"report_traveller_form","return_place","VARCHAR2","Y","255",,,,
"report_traveller_form","return_date","DATE","Y","7",,,,
"report_traveller_form","return_time","VARCHAR2","Y","255",,,,
"report_traveller_form","total_time","VARCHAR2","Y","255",,,,
"report_traveller_form","travel_details","VARCHAR2","Y","255",,,,
"report_traveller_form","gran_total","FLOAT","Y","22","126",,,
"report_traveller_form","request_approve_amount","FLOAT","Y","22","126",,,
"report_traveller_form","remain_amount","FLOAT","Y","22","126",,,
"report_traveller_form","created_at","TIMESTAMP(6) WITH LOCAL TIME ZONE","Y","11",,"6","CURRENT_TIMESTAMP",
"report_traveller_form","updated_at","TIMESTAMP(6) WITH LOCAL TIME ZONE","Y","11",,"6","CURRENT_TIMESTAMP",
"sessions","id","NUMBER","N","22",,"0",,
"sessions","token","VARCHAR2","N","255",,,,
"sessions","device_info","VARCHAR2","Y","255",,,,
"sessions","ip_address","VARCHAR2","Y","255",,,,
"sessions","is_active","NUMBER","Y","22","1","0","'1' ",
"sessions","expires_at","TIMESTAMP(6) WITH LOCAL TIME ZONE","N","11",,"6",,
"sessions","created_at","TIMESTAMP(6) WITH LOCAL TIME ZONE","Y","11",,"6","CURRENT_TIMESTAMP",
"sessions","updated_at","TIMESTAMP(6) WITH LOCAL TIME ZONE","Y","11",,"6","CURRENT_TIMESTAMP",
"sessions","employee_code","VARCHAR2","Y","255",,,,
"sessions","employee_name","VARCHAR2","Y","255",,,,
"users","id","NUMBER","N","22",,"0",,
"users","email","VARCHAR2","N","255",,,,
"users","password","VARCHAR2","N","255",,,,
"users","full_name","VARCHAR2","N","255",,,,
"users","role","VARCHAR2","Y","20",,,"'user'",
"users","is_active","NUMBER","Y","22","1","0","'1' ",
"users","refresh_token","VARCHAR2","Y","255",,,,
"users","login_attempts","NUMBER","Y","22",,"0","'0'",
"users","lock_until","TIMESTAMP(6) WITH LOCAL TIME ZONE","Y","11",,"6",,
"users","password_reset_token","VARCHAR2","Y","255",,,,
"users","password_reset_expires","TIMESTAMP(6) WITH LOCAL TIME ZONE","Y","11",,"6",,
"users","created_at","TIMESTAMP(6) WITH LOCAL TIME ZONE","Y","11",,"6","CURRENT_TIMESTAMP",
"users","updated_at","TIMESTAMP(6) WITH LOCAL TIME ZONE","Y","11",,"6","CURRENT_TIMESTAMP",
"users","employee_code","VARCHAR2","Y","255",,,,
