Table Name,Column Name,Data Type,Nullable,Length,Precision,Scale,Default,Comments,Thai Description
"AB_DEPUTY","GDP_ID","NUMBER","Y","22","6","0","","","รหัสผู้แทน"
"AB_DEPUTY","PMT_CODE","NUMBER","Y","22","6","0","","","รหัสตำแหน่ง PMT"
"AB_DEPUTY","GPD_DEPUTY_POG_CODE","CHAR","Y","12","","","","","รหัสตำแหน่งองค์กรผู้แทน"
"AB_DEPUTY","GDP_DEPUTY_POSITION_EX","VARCHAR2","Y","512","","","","","ตำแหน่งเพิ่มเติมของผู้แทน"
"AB_DEPUTY","GDP_DEPUTY_PRIORITY","NUMBER","Y","22","2","0","","","ลำดับความสำคัญของผู้แทน"
"AB_DEPUTY","GDP_DEPUTY_START_DATE","DATE","Y","7","","","","","วันที่เริ่มต้นการเป็นผู้แทน"
"AB_DEPUTY","GDP_DEPUTY_END_DATE","DATE","Y","7","","","","","วันที่สิ้นสุดการเป็นผู้แทน"
"AB_DEPUTY","GDP_DEPUTY_REMARK","CHAR","Y","1","","","","","หมายเหตุผู้แทน"
"AB_DEPUTY","GDP_CREATED_BY","NUMBER","Y","22","6","0","","","ผู้สร้างผู้แทน"
"AB_DEPUTY","GDP_CREATED_DATE","DATE","Y","7","","","","","วันที่สร้างผู้แทน"
"AB_DEPUTY","GDP_LAST_UPDATE_BY","NUMBER","Y","22","6","0","","","ผู้อัปเดตผู้แทนล่าสุด"
"AB_DEPUTY","GDP_LAST_UPDATE_DATE","DATE","Y","7","","","","","วันที่อัปเดตผู้แทนล่าสุด"
"AB_DEPUTY","GDP_DEPUTY_STATUS","NUMBER","Y","22","","","","","สถานะผู้แทน"
"AB_DEPUTY","POG_CODE","CHAR","Y","12","","","","","รหัสตำแหน่งองค์กร"
"AB_DEPUTY","POG_DESC","VARCHAR2","Y","150","","","","","คำอธิบายตำแหน่งองค์กร"
"AB_DEPUTY_TEMP","GDP_ID","NUMBER","Y","22","6","0","","","รหัส"
"AB_DEPUTY_TEMP","PMT_CODE","NUMBER","Y","22","6","0","","","รหัส"
"AB_DEPUTY_TEMP","GPD_DEPUTY_POG_CODE","CHAR","Y","12","","","","","รหัส"
"AB_DEPUTY_TEMP","GDP_DEPUTY_POSITION_EX","VARCHAR2","Y","512","","","","","ตำแหน่ง"
"AB_DEPUTY_TEMP","GDP_DEPUTY_PRIORITY","NUMBER","Y","22","2","0","","","ลำดับความสำคัญ"
"AB_DEPUTY_TEMP","GDP_DEPUTY_START_DATE","DATE","Y","7","","","","","วันที่"
"AB_DEPUTY_TEMP","GDP_DEPUTY_END_DATE","DATE","Y","7","","","","","วันที่"
"AB_DEPUTY_TEMP","GDP_DEPUTY_REMARK","CHAR","Y","1","","","","","หมายเหตุ"
"AB_DEPUTY_TEMP","GDP_CREATED_BY","NUMBER","Y","22","6","0","","","ผู้สร้าง"
"AB_DEPUTY_TEMP","GDP_CREATED_DATE","DATE","Y","7","","","","","วันที่"
"AB_DEPUTY_TEMP","GDP_LAST_UPDATE_BY","NUMBER","Y","22","6","0","","","วันที่"
"AB_DEPUTY_TEMP","GDP_LAST_UPDATE_DATE","DATE","Y","7","","","","","วันที่"
"AB_DEPUTY_TEMP","GDP_DEPUTY_STATUS","NUMBER","Y","22","","","","","สถานะ"
"AB_DEPUTY_TEMP","POG_CODE","CHAR","Y","12","","","","","รหัส"
"AB_DEPUTY_TEMP","POG_DESC","VARCHAR2","Y","150","","","","","คำอธิบาย"
"AB_HOLIDAY","HOLIDAY_DATE","DATE","N","7","","","","","วันที่หยุด"
"AB_HOLIDAY","DESCRIPTION","NVARCHAR2","Y","400","","","","","คำอธิบายวันหยุด"
"AB_HOLIDAY","CREATE_DATE","TIMESTAMP(6) WITH TIME ZONE","N","13","","6","","","วันที่สร้าง"
"AB_HOLIDAY","PSN_CODE","NVARCHAR2","Y","200","","","","","รหัสบุคคล"
"AB_HOLIDAY","POG_CODE","VARCHAR2","Y","10","","","","","รหัสตำแหน่งองค์กร"
"AB_HOLIDAY","HOLIDAY_FLAG","CHAR","Y","1","","","","","ธงวันหยุด"
"AB_HOLIDAY","POG_TYPE","NUMBER","Y","22","","","","","ประเภทตำแหน่งองค์กร"
"AB_HOLIDAY","ID","NUMBER","Y","22","10","0","","","รหัสวันหยุด"
"AB_HOLIDAY_TEMP","HOLIDAY_DATE","DATE","N","7","","","","","รหัส"
"AB_HOLIDAY_TEMP","DESCRIPTION","NVARCHAR2","Y","400","","","","","คำอธิบาย"
"AB_HOLIDAY_TEMP","CREATE_DATE","TIMESTAMP(6) WITH TIME ZONE","N","13","","6","","","วันที่"
"AB_HOLIDAY_TEMP","PSN_CODE","NVARCHAR2","Y","200","","","","","รหัส"
"AB_HOLIDAY_TEMP","POG_CODE","VARCHAR2","Y","10","","","","","รหัส"
"AB_HOLIDAY_TEMP","HOLIDAY_FLAG","CHAR","Y","1","","","","","รหัส"
"AB_HOLIDAY_TEMP","POG_TYPE","NUMBER","Y","22","","","","","ประเภท"
"AB_HOLIDAY_TEMP","ID","NUMBER","Y","22","10","0","","","รหัส"
"EMPLOYEE","CODE","VARCHAR2","Y","11","","","","","รหัสพนักงาน"
"EMPLOYEE","NAME","VARCHAR2","Y","255","","","","","ชื่อพนักงาน"
"EMPLOYEE","SEX","VARCHAR2","Y","1","","","","","เพศ"
"EMPLOYEE","ADDRESS","VARCHAR2","Y","300","","","","","ที่อยู่"
"EMPLOYEE","KHATE_CODE","VARCHAR2","Y","6","","","","","รหัสเขต"
"EMPLOYEE","KHATE","VARCHAR2","Y","255","","","","","เขต"
"EMPLOYEE","PROVINCE_CODE","VARCHAR2","Y","3","","","","","รหัสจังหวัด"
"EMPLOYEE","PROVINCE","VARCHAR2","Y","255","","","","","จังหวัด"
"EMPLOYEE","POSTCODE","VARCHAR2","Y","12","","","","","รหัสไปรษณีย์"
"EMPLOYEE","BIRTH_DATE","DATE","Y","7","","","","","วันเกิด"
"EMPLOYEE","SALARY","NUMBER","Y","22","","","","","เงินเดือน"
"EMPLOYEE","BANK_ACCOUNT","VARCHAR2","Y","10","","","","","บัญชีธนาคาร"
"EMPLOYEE","START_WORK","DATE","Y","7","","","","","วันที่เริ่มงาน"
"EMPLOYEE","PMT_POS_WORK","VARCHAR2","Y","6","","","","","ตำแหน่งงาน PMT"
"EMPLOYEE","POSITION","VARCHAR2","Y","255","","","","","ตำแหน่ง"
"EMPLOYEE","APA_PPN_NUMBER","VARCHAR2","Y","8","","","","","หมายเลข APA PPN"
"EMPLOYEE","EX_POSITION_CODE","VARCHAR2","Y","10","","","","","รหัสตำแหน่งพิเศษ"
"EMPLOYEE","EX_POSITION","VARCHAR2","Y","255","","","","","ตำแหน่งพิเศษ"
"EMPLOYEE","LEVEL_POSITION","VARCHAR2","Y","3","","","","","ระดับตำแหน่ง"
"EMPLOYEE","POG_CODE","VARCHAR2","Y","10","","","","","รหัสตำแหน่งองค์กร"
"EMPLOYEE","WORKINGGROUP","VARCHAR2","Y","255","","","","","กลุ่มงาน"
"EMPLOYEE","UNIT","VARCHAR2","Y","255","","","","","หน่วยงาน"
"EMPLOYEE","SECTION","VARCHAR2","Y","255","","","","","ฝ่าย"
"EMPLOYEE","DIVISION","VARCHAR2","Y","255","","","","","กอง"
"EMPLOYEE","DEPARTMENT","VARCHAR2","Y","255","","","","","แผนก"
"EMPLOYEE","FATHER","VARCHAR2","Y","255","","","","","บิดา"
"EMPLOYEE","FATHER_ALIVE","CHAR","Y","1","","","","","บิดายังมีชีวิตอยู่"
"EMPLOYEE","MOTHER","VARCHAR2","Y","255","","","","","มารดา"
"EMPLOYEE","MOTHER_ALIVE","CHAR","Y","1","","","","","มารดายังมีชีวิตอยู่"
"EMPLOYEE","MARIRIED","VARCHAR2","Y","1","","","","","ข้อมูล"
"EMPLOYEE","SPOUSE","VARCHAR2","Y","255","","","","","คู่สมรส"
"EMPLOYEE","EMAIL","VARCHAR2","Y","255","","","","","อีเมล"
"EMPLOYEE","TYPE_DATA","CHAR","Y","1","","","","","ประเภทข้อมูล"
"EMPLOYEE","CARD_ID","VARCHAR2","Y","13","","","","","เลขบัตรประชาชน"
"EMPLOYEE","TAX_ID","VARCHAR2","Y","15","","","","","เลขประจำตัวผู้เสียภาษี"
"EMPLOYEE_TEMP","CODE","VARCHAR2","Y","11","","","","","รหัส"
"EMPLOYEE_TEMP","NAME","VARCHAR2","Y","255","","","","","ชื่อ"
"EMPLOYEE_TEMP","SEX","VARCHAR2","Y","1","","","","","เพศ"
"EMPLOYEE_TEMP","ADDRESS","VARCHAR2","Y","300","","","","","ที่อยู่"
"EMPLOYEE_TEMP","KHATE_CODE","VARCHAR2","Y","6","","","","","รหัส"
"EMPLOYEE_TEMP","KHATE","VARCHAR2","Y","255","","","","","เขต"
"EMPLOYEE_TEMP","PROVINCE_CODE","VARCHAR2","Y","3","","","","","รหัส"
"EMPLOYEE_TEMP","PROVINCE","VARCHAR2","Y","255","","","","","จังหวัด"
"EMPLOYEE_TEMP","POSTCODE","VARCHAR2","Y","12","","","","","รหัส"
"EMPLOYEE_TEMP","BIRTH_DATE","DATE","Y","7","","","","","วันที่"
"EMPLOYEE_TEMP","SALARY","NUMBER","Y","22","","","","","เงินเดือน"
"EMPLOYEE_TEMP","BANK_ACCOUNT","VARCHAR2","Y","10","","","","","จำนวน"
"EMPLOYEE_TEMP","START_WORK","DATE","Y","7","","","","","เริ่มต้น"
"EMPLOYEE_TEMP","PMT_POS_WORK","VARCHAR2","Y","6","","","","","ตำแหน่ง"
"EMPLOYEE_TEMP","POSITION","VARCHAR2","Y","255","","","","","ตำแหน่ง"
"EMPLOYEE_TEMP","APA_PPN_NUMBER","VARCHAR2","Y","8","","","","","หมายเลข"
"EMPLOYEE_TEMP","EX_POSITION_CODE","VARCHAR2","Y","10","","","","","รหัส"
"EMPLOYEE_TEMP","EX_POSITION","VARCHAR2","Y","255","","","","","ตำแหน่ง"
"EMPLOYEE_TEMP","LEVEL_POSITION","VARCHAR2","Y","3","","","","","ตำแหน่ง"
"EMPLOYEE_TEMP","POG_CODE","VARCHAR2","Y","10","","","","","รหัส"
"EMPLOYEE_TEMP","WORKINGGROUP","VARCHAR2","Y","255","","","","","กลุ่มงาน"
"EMPLOYEE_TEMP","UNIT","VARCHAR2","Y","255","","","","","หน่วยงาน"
"EMPLOYEE_TEMP","SECTION","VARCHAR2","Y","255","","","","","ฝ่าย"
"EMPLOYEE_TEMP","DIVISION","VARCHAR2","Y","255","","","","","กอง"
"EMPLOYEE_TEMP","DEPARTMENT","VARCHAR2","Y","255","","","","","แผนก"
"EMPLOYEE_TEMP","FATHER","VARCHAR2","Y","255","","","","","บิดา"
"EMPLOYEE_TEMP","FATHER_ALIVE","CHAR","Y","1","","","","","บิดา"
"EMPLOYEE_TEMP","MOTHER","VARCHAR2","Y","255","","","","","มารดา"
"EMPLOYEE_TEMP","MOTHER_ALIVE","CHAR","Y","1","","","","","มารดา"
"EMPLOYEE_TEMP","MARIRIED","VARCHAR2","Y","1","","","","","ข้อมูล"
"EMPLOYEE_TEMP","SPOUSE","VARCHAR2","Y","255","","","","","คู่สมรส"
"EMPLOYEE_TEMP","EMAIL","VARCHAR2","Y","255","","","","","อีเมล"
"EMPLOYEE_TEMP","TYPE_DATA","CHAR","Y","1","","","","","ประเภท"
"EMPLOYEE_TEMP","CARD_ID","VARCHAR2","Y","13","","","","","รหัส"
"EMPLOYEE_TEMP","TAX_ID","VARCHAR2","Y","15","","","","","รหัส"
"OP_CHILDREN_T","PCH_CODE","CHAR","Y","5","","","","","รหัส"
"OP_CHILDREN_T","PCH_SEQ_NO","NUMBER","Y","22","1","0","","","ข้อมูล"
"OP_CHILDREN_T","PCH_NAME","VARCHAR2","Y","100","","","","","ชื่อ"
"OP_CHILDREN_T","PCH_BIRTH_DATE","CHAR","Y","8","","","","","วันที่"
"OP_CHILDREN_T","PCH_SEX","CHAR","Y","1","","","","","เพศ"
"OP_CHILDREN_T","PCH_PETITION","CHAR","Y","1","","","","","ข้อมูล"
"OP_CHILDREN_T","PCH_TRANS_DATE","CHAR","Y","6","","","","","วันที่"
"OP_CHILDREN_T","PCH_OPER_CODE","CHAR","Y","5","","","","","รหัส"
"OP_CHILDREN_T","PCH_PET_DATE","CHAR","Y","8","","","","","วันที่"
"OP_CHILDREN_T","PCH_PAY","NUMBER","Y","22","4","0","","","ข้อมูล"
"OP_CHILDREN_T","PCH_IDCARD","VARCHAR2","Y","13","","","","","รหัส"
"OP_CHILDREN_T_TEMP","PCH_CODE","CHAR","Y","5","","","","","รหัส"
"OP_CHILDREN_T_TEMP","PCH_SEQ_NO","NUMBER","Y","22","1","0","","","ข้อมูล"
"OP_CHILDREN_T_TEMP","PCH_NAME","VARCHAR2","Y","100","","","","","ชื่อ"
"OP_CHILDREN_T_TEMP","PCH_BIRTH_DATE","CHAR","Y","8","","","","","วันที่"
"OP_CHILDREN_T_TEMP","PCH_SEX","CHAR","Y","1","","","","","เพศ"
"OP_CHILDREN_T_TEMP","PCH_PETITION","CHAR","Y","1","","","","","ข้อมูล"
"OP_CHILDREN_T_TEMP","PCH_TRANS_DATE","CHAR","Y","6","","","","","วันที่"
"OP_CHILDREN_T_TEMP","PCH_OPER_CODE","CHAR","Y","5","","","","","รหัส"
"OP_CHILDREN_T_TEMP","PCH_PET_DATE","CHAR","Y","8","","","","","วันที่"
"OP_CHILDREN_T_TEMP","PCH_PAY","NUMBER","Y","22","4","0","","","ข้อมูล"
"OP_CHILDREN_T_TEMP","PCH_IDCARD","VARCHAR2","Y","13","","","","","รหัส"
"OP_HEAD_T","PHT_CODE","VARCHAR2","Y","5","","","","","รหัส"
"OP_HEAD_T","PHT_NAME_T","VARCHAR2","Y","255","","","","","ชื่อ"
"OP_HEAD_T","PHT_NAME_E","VARCHAR2","Y","255","","","","","ชื่อ"
"OP_HEAD_T","PHT_EMP_DATE","VARCHAR2","Y","8","","","","","วันที่"
"OP_HEAD_T","PHT_POS_WK","VARCHAR2","Y","3","","","","","ข้อมูล"
"OP_HEAD_T","PHT_POS_EX","VARCHAR2","Y","2","","","","","ข้อมูล"
"OP_HEAD_T","PHT_POS_NO","VARCHAR2","Y","4","","","","","ข้อมูล"
"OP_HEAD_T","PHT_LEVEL_CODE","VARCHAR2","Y","2","","","","","รหัส"
"OP_HEAD_T_TEMP","PHT_CODE","VARCHAR2","Y","5","","","","","รหัส"
"OP_HEAD_T_TEMP","PHT_NAME_T","VARCHAR2","Y","255","","","","","ชื่อ"
"OP_HEAD_T_TEMP","PHT_NAME_E","VARCHAR2","Y","255","","","","","ชื่อ"
"OP_HEAD_T_TEMP","PHT_EMP_DATE","VARCHAR2","Y","8","","","","","วันที่"
"OP_HEAD_T_TEMP","PHT_POS_WK","VARCHAR2","Y","3","","","","","ข้อมูล"
"OP_HEAD_T_TEMP","PHT_POS_EX","VARCHAR2","Y","2","","","","","ข้อมูล"
"OP_HEAD_T_TEMP","PHT_POS_NO","VARCHAR2","Y","4","","","","","ข้อมูล"
"OP_HEAD_T_TEMP","PHT_LEVEL_CODE","VARCHAR2","Y","2","","","","","รหัส"
"OP_LEVEL_SAL_R","PLV_CODE","NUMBER","Y","22","","0","","","รหัส"
"OP_LEVEL_SAL_R","PLV_SALARY","NUMBER","Y","22","","0","","","เงินเดือน"
"OP_LEVEL_SAL_R_TEMP","PLV_CODE","NUMBER","Y","22","","0","","","รหัส"
"OP_LEVEL_SAL_R_TEMP","PLV_SALARY","NUMBER","Y","22","","0","","","เงินเดือน"
"OP_MASTER_T","PMT_CODE","CHAR","Y","5","","","","","รหัส"
"OP_MASTER_T","PMT_NAME_T","VARCHAR2","Y","255","","","","","ชื่อ"
"OP_MASTER_T","PMT_NAME_E","VARCHAR2","Y","255","","","","","ชื่อ"
"OP_MASTER_T","PMT_EMP_DATE","CHAR","Y","8","","","","","วันที่"
"OP_MASTER_T","PMT_CMD_DATE","CHAR","Y","8","","","","","วันที่"
"OP_MASTER_T","PMT_ST_QUAL","VARCHAR2","Y","255","","","","","ตำแหน่ง"
"OP_MASTER_T","PMT_ST_FAC","VARCHAR2","Y","255","","","","","ตำแหน่ง"
"OP_MASTER_T","PMT_POS_WK","CHAR","Y","20","","","","","ตำแหน่ง"
"OP_MASTER_T","PMT_POS_EX","CHAR","Y","20","","","","","ตำแหน่ง"
"OP_MASTER_T","PMT_POS_NO","CHAR","Y","20","","","","","ตำแหน่ง"
"OP_MASTER_T","PMT_LEVEL_CODE","CHAR","Y","20","","","","","รหัส"
"OP_MASTER_T","PMT_LEV_DATE","CHAR","Y","255","","","","","วันที่"
"OP_MASTER_T","PMT_CUR_QUAL","VARCHAR2","Y","255","","","","","ตำแหน่ง"
"OP_MASTER_T","PMT_CUR_FAC","VARCHAR2","Y","255","","","","","ตำแหน่ง"
"OP_MASTER_T","PMT_SAL_CODE","CHAR","Y","3","","","","","รหัส"
"OP_MASTER_T","PMT_STATUS","CHAR","Y","1","","","","","สถานะ"
"OP_MASTER_T","PMT_PENALTY_FLAG","CHAR","Y","1","","","","","ธง"
"OP_MASTER_T","PMT_TRANS_DATE","CHAR","Y","255","","","","","วันที่"
"OP_MASTER_T","PMT_OPER_CODE","CHAR","Y","255","","","","","รหัส"
"OP_MASTER_T","PMT_FLAG_MEM","VARCHAR2","Y","1","","","","","ธง"
"OP_MASTER_T","PMT_GWORK_CODE","VARCHAR2","Y","3","","","","","รหัส"
"OP_MASTER_T","PMT_EMAIL_ADDR","VARCHAR2","Y","255","","","","","อีเมล"
"OP_MASTER_T_TEMP","PMT_CODE","CHAR","Y","5","","","","","รหัส"
"OP_MASTER_T_TEMP","PMT_NAME_T","VARCHAR2","Y","255","","","","","ชื่อ"
"OP_MASTER_T_TEMP","PMT_NAME_E","VARCHAR2","Y","255","","","","","ชื่อ"
"OP_MASTER_T_TEMP","PMT_EMP_DATE","CHAR","Y","8","","","","","วันที่"
"OP_MASTER_T_TEMP","PMT_CMD_DATE","CHAR","Y","8","","","","","วันที่"
"OP_MASTER_T_TEMP","PMT_ST_QUAL","VARCHAR2","Y","255","","","","","ตำแหน่ง"
"OP_MASTER_T_TEMP","PMT_ST_FAC","VARCHAR2","Y","255","","","","","ตำแหน่ง"
"OP_MASTER_T_TEMP","PMT_POS_WK","CHAR","Y","20","","","","","ตำแหน่ง"
"OP_MASTER_T_TEMP","PMT_POS_EX","CHAR","Y","20","","","","","ตำแหน่ง"
"OP_MASTER_T_TEMP","PMT_POS_NO","CHAR","Y","20","","","","","ตำแหน่ง"
"OP_MASTER_T_TEMP","PMT_LEVEL_CODE","CHAR","Y","20","","","","","รหัส"
"OP_MASTER_T_TEMP","PMT_LEV_DATE","CHAR","Y","255","","","","","วันที่"
"OP_MASTER_T_TEMP","PMT_CUR_QUAL","VARCHAR2","Y","255","","","","","ตำแหน่ง"
"OP_MASTER_T_TEMP","PMT_CUR_FAC","VARCHAR2","Y","255","","","","","ตำแหน่ง"
"OP_MASTER_T_TEMP","PMT_SAL_CODE","CHAR","Y","3","","","","","รหัส"
"OP_MASTER_T_TEMP","PMT_STATUS","CHAR","Y","1","","","","","สถานะ"
"OP_MASTER_T_TEMP","PMT_PENALTY_FLAG","CHAR","Y","1","","","","","ธง"
"OP_MASTER_T_TEMP","PMT_TRANS_DATE","CHAR","Y","255","","","","","วันที่"
"OP_MASTER_T_TEMP","PMT_OPER_CODE","CHAR","Y","255","","","","","รหัส"
"OP_MASTER_T_TEMP","PMT_FLAG_MEM","VARCHAR2","Y","1","","","","","ธง"
"OP_MASTER_T_TEMP","PMT_GWORK_CODE","VARCHAR2","Y","3","","","","","รหัส"
"OP_MASTER_T_TEMP","PMT_EMAIL_ADDR","VARCHAR2","Y","255","","","","","อีเมล"
"OP_ORGANIZE_R","POG_CODE","VARCHAR2","Y","6","","","","","รหัส"
"OP_ORGANIZE_R","POG_DESC","VARCHAR2","Y","255","","","","","คำอธิบาย"
"OP_ORGANIZE_R","POG_CURRENCY","VARCHAR2","Y","2","","","","","ตำแหน่งองค์กร"
"OP_ORGANIZE_R","POG_ABBREVIATION","VARCHAR2","Y","255","","","","","ตำแหน่งองค์กร"
"OP_ORGANIZE_R","POG_DESC_E","VARCHAR2","Y","255","","","","","คำอธิบาย"
"OP_ORGANIZE_R","POG_TITLE","VARCHAR2","Y","255","","","","","ตำแหน่งองค์กร"
"OP_ORGANIZE_R","POG_TYPE","CHAR","Y","1","","","","","ประเภท"
"OP_ORGANIZE_R","POG_POSNAME","VARCHAR2","Y","255","","","","","ชื่อ"
"OP_ORGANIZE_R_TEMP","POG_CODE","VARCHAR2","Y","6","","","","","รหัส"
"OP_ORGANIZE_R_TEMP","POG_DESC","VARCHAR2","Y","255","","","","","คำอธิบาย"
"OP_ORGANIZE_R_TEMP","POG_CURRENCY","VARCHAR2","Y","2","","","","","ตำแหน่งองค์กร"
"OP_ORGANIZE_R_TEMP","POG_ABBREVIATION","VARCHAR2","Y","255","","","","","ตำแหน่งองค์กร"
"OP_ORGANIZE_R_TEMP","POG_DESC_E","VARCHAR2","Y","255","","","","","คำอธิบาย"
"OP_ORGANIZE_R_TEMP","POG_TITLE","VARCHAR2","Y","255","","","","","ตำแหน่งองค์กร"
"OP_ORGANIZE_R_TEMP","POG_TYPE","CHAR","Y","1","","","","","ประเภท"
"OP_ORGANIZE_R_TEMP","POG_POSNAME","VARCHAR2","Y","255","","","","","ชื่อ"
"OP_POSITION_NO_T","PPN_NUMBER","CHAR","Y","20","","","","","หมายเลข"
"OP_POSITION_NO_T","PPN_ORGANIZE","CHAR","Y","100","","","","","ข้อมูล"
"OP_POSITION_NO_T","PPN_TRANS_DATE","CHAR","Y","20","","","","","วันที่"
"OP_POSITION_NO_T","PPN_OPER_CODE","CHAR","Y","5","","","","","รหัส"
"OP_POSITION_NO_T_TEMP","PPN_NUMBER","CHAR","Y","20","","","","","หมายเลข"
"OP_POSITION_NO_T_TEMP","PPN_ORGANIZE","CHAR","Y","100","","","","","ข้อมูล"
"OP_POSITION_NO_T_TEMP","PPN_TRANS_DATE","CHAR","Y","20","","","","","วันที่"
"OP_POSITION_NO_T_TEMP","PPN_OPER_CODE","CHAR","Y","5","","","","","รหัส"
"OP_POS_EXECUTIVE_R","PPE_CODE","CHAR","Y","2","","","","","รหัส"
"OP_POS_EXECUTIVE_R","PPE_DESC_T","VARCHAR2","Y","255","","","","","คำอธิบาย"
"OP_POS_EXECUTIVE_R","PPE_DESC_E","VARCHAR2","Y","255","","","","","คำอธิบาย"
"OP_POS_EXECUTIVE_R","PPE_WEIGHT","CHAR","Y","2","","","","","ข้อมูล"
"OP_POS_EXECUTIVE_R","PPE_POS_LEV","VARCHAR2","Y","2","","","","","ข้อมูล"
"OP_POS_EXECUTIVE_R_TEMP","PPE_CODE","CHAR","Y","2","","","","","รหัส"
"OP_POS_EXECUTIVE_R_TEMP","PPE_DESC_T","VARCHAR2","Y","255","","","","","คำอธิบาย"
"OP_POS_EXECUTIVE_R_TEMP","PPE_DESC_E","VARCHAR2","Y","255","","","","","คำอธิบาย"
"OP_POS_EXECUTIVE_R_TEMP","PPE_WEIGHT","CHAR","Y","2","","","","","ข้อมูล"
"OP_POS_EXECUTIVE_R_TEMP","PPE_POS_LEV","VARCHAR2","Y","2","","","","","ข้อมูล"
"OP_POS_WORK_R","PSP_CODE","CHAR","Y","3","","","","","รหัส"
"OP_POS_WORK_R","PSP_DESC_T","VARCHAR2","Y","255","","","","","คำอธิบาย"
"OP_POS_WORK_R","PSP_DESC_E","VARCHAR2","Y","255","","","","","คำอธิบาย"
"OP_POS_WORK_R_TEMP","PSP_CODE","CHAR","Y","3","","","","","รหัส"
"OP_POS_WORK_R_TEMP","PSP_DESC_T","VARCHAR2","Y","255","","","","","คำอธิบาย"
"OP_POS_WORK_R_TEMP","PSP_DESC_E","VARCHAR2","Y","255","","","","","คำอธิบาย"
"PS_PW_JOB","EMPLID","VARCHAR2","Y","11","","","","","รหัส"
"PS_PW_JOB","EMPL_RCD","NUMBER","Y","22","38","0","","","ข้อมูล"
"PS_PW_JOB","EFFDT","DATE","N","7","","","","","ข้อมูล"
"PS_PW_JOB","EFFSEQ","NUMBER","Y","22","38","0","","","ข้อมูล"
"PS_PW_JOB","HIRE_DT","DATE","Y","7","","","","","ข้อมูล"
"PS_PW_JOB","POSITION_NBR","VARCHAR2","Y","8","","","","","ตำแหน่ง"
"PS_PW_JOB","SAL_ADMIN_PLAN","VARCHAR2","Y","4","","","","","ข้อมูล"
"PS_PW_JOB","GRADE","VARCHAR2","Y","3","","","","","ข้อมูล"
"PS_PW_JOB","STEP","NUMBER","Y","22","38","0","","","ข้อมูล"
"PS_PW_JOB","DEPTID","VARCHAR2","Y","10","","","","","รหัส"
"PS_PW_JOB","OFFICER_CD","VARCHAR2","Y","1","","","","","ข้อมูล"
"PS_PW_JOB","ACTION","VARCHAR2","Y","3","","","","","ข้อมูล"
"PS_PW_JOB","ACTION_REASON","VARCHAR2","Y","3","","","","","ข้อมูล"
"PS_PW_JOB","X_ORDER_NO","VARCHAR2","Y","20","","","","","ลำดับ"
"PS_PW_JOB","X_ORDER_DT","DATE","Y","7","","","","","ลำดับ"
"PS_PW_JOB","LOCATION","VARCHAR2","Y","10","","","","","ข้อมูล"
"PS_PW_JOB","JOBCODE","VARCHAR2","Y","6","","","","","รหัส"
"PS_PW_JOB","SETID_DEPT","VARCHAR2","Y","5","","","","","รหัส"
"PS_PW_JOB","SUPV_LVL_ID","VARCHAR2","Y","8","","","","","รหัส"
"PS_PW_JOB","HR_STATUS","VARCHAR2","Y","1","","","","","สถานะ"
"PS_PW_JOB","LASTUPDDTTM","TIMESTAMP(6)","Y","11","","6","","","ข้อมูล"
"PS_PW_JOB_TEMP","EMPLID","VARCHAR2","Y","11","","","","","รหัส"
"PS_PW_JOB_TEMP","EMPL_RCD","NUMBER","Y","22","38","0","","","ข้อมูล"
"PS_PW_JOB_TEMP","EFFDT","DATE","N","7","","","","","ข้อมูล"
"PS_PW_JOB_TEMP","EFFSEQ","NUMBER","Y","22","38","0","","","ข้อมูล"
"PS_PW_JOB_TEMP","HIRE_DT","DATE","Y","7","","","","","ข้อมูล"
"PS_PW_JOB_TEMP","POSITION_NBR","VARCHAR2","Y","8","","","","","ตำแหน่ง"
"PS_PW_JOB_TEMP","SAL_ADMIN_PLAN","VARCHAR2","Y","4","","","","","ข้อมูล"
"PS_PW_JOB_TEMP","GRADE","VARCHAR2","Y","3","","","","","ข้อมูล"
"PS_PW_JOB_TEMP","STEP","NUMBER","Y","22","38","0","","","ข้อมูล"
"PS_PW_JOB_TEMP","DEPTID","VARCHAR2","Y","10","","","","","รหัส"
"PS_PW_JOB_TEMP","OFFICER_CD","VARCHAR2","Y","1","","","","","ข้อมูล"
"PS_PW_JOB_TEMP","ACTION","VARCHAR2","Y","3","","","","","ข้อมูล"
"PS_PW_JOB_TEMP","ACTION_REASON","VARCHAR2","Y","3","","","","","ข้อมูล"
"PS_PW_JOB_TEMP","X_ORDER_NO","VARCHAR2","Y","20","","","","","ลำดับ"
"PS_PW_JOB_TEMP","X_ORDER_DT","DATE","Y","7","","","","","ลำดับ"
"PS_PW_JOB_TEMP","LOCATION","VARCHAR2","Y","10","","","","","ข้อมูล"
"PS_PW_JOB_TEMP","JOBCODE","VARCHAR2","Y","6","","","","","รหัส"
"PS_PW_JOB_TEMP","SETID_DEPT","VARCHAR2","Y","5","","","","","รหัส"
"PS_PW_JOB_TEMP","SUPV_LVL_ID","VARCHAR2","Y","8","","","","","รหัส"
"PS_PW_JOB_TEMP","HR_STATUS","VARCHAR2","Y","1","","","","","สถานะ"
"PS_PW_JOB_TEMP","LASTUPDDTTM","TIMESTAMP(6)","Y","11","","6","","","ข้อมูล"
"VIEW_POSITION_4OT","POS_POSITIONCODE","VARCHAR2","Y","8","","","","","รหัส"
"VIEW_POSITION_4OT","POS_POSITIONNAME","VARCHAR2","Y","255","","","","","ชื่อ"
"VIEW_POSITION_4OT","POS_REPORTS_TO","VARCHAR2","Y","8","","","","","ข้อมูล"
"VIEW_POSITION_4OT","POS_REPORTS_TONAME","VARCHAR2","Y","255","","","","","ชื่อ"
"VIEW_POSITION_4OT","POS_DEPT_ID","VARCHAR2","Y","255","","","","","รหัส"
"VIEW_POSITION_4OT","POS_JOB_CODE","VARCHAR2","Y","6","","","","","รหัส"
"VIEW_POSITION_4OT","POS_EFF_DATE","DATE","Y","7","","","","","วันที่"
"VIEW_POSITION_4OT","POS_ISHEADER","VARCHAR2","Y","5","","","","","ข้อมูล"
"VIEW_POSITION_4OT","POS_SUPV_LVL_ID","VARCHAR2","Y","8","","","","","รหัส"
"VIEW_POSITION_4OT","POS_LANG_CD","VARCHAR2","Y","3","","","","","ข้อมูล"
"VIEW_POSITION_4OT","DESCR","VARCHAR2","Y","255","","","","","คำอธิบาย"
"VIEW_POSITION_4OT","DESCRSHOT","VARCHAR2","Y","255","","","","","คำอธิบาย"
"VIEW_POSITION_4OT_TEMP","POS_POSITIONCODE","VARCHAR2","Y","8","","","","","รหัส"
"VIEW_POSITION_4OT_TEMP","POS_POSITIONNAME","VARCHAR2","Y","255","","","","","ชื่อ"
"VIEW_POSITION_4OT_TEMP","POS_REPORTS_TO","VARCHAR2","Y","8","","","","","ข้อมูล"
"VIEW_POSITION_4OT_TEMP","POS_REPORTS_TONAME","VARCHAR2","Y","255","","","","","ชื่อ"
"VIEW_POSITION_4OT_TEMP","POS_DEPT_ID","VARCHAR2","Y","255","","","","","รหัส"
"VIEW_POSITION_4OT_TEMP","POS_JOB_CODE","VARCHAR2","Y","6","","","","","รหัส"
"VIEW_POSITION_4OT_TEMP","POS_EFF_DATE","DATE","Y","7","","","","","วันที่"
"VIEW_POSITION_4OT_TEMP","POS_ISHEADER","VARCHAR2","Y","5","","","","","ข้อมูล"
"VIEW_POSITION_4OT_TEMP","POS_SUPV_LVL_ID","VARCHAR2","Y","8","","","","","รหัส"
"VIEW_POSITION_4OT_TEMP","POS_LANG_CD","VARCHAR2","Y","3","","","","","ข้อมูล"
"VIEW_POSITION_4OT_TEMP","DESCR","VARCHAR2","Y","255","","","","","คำอธิบาย"
"VIEW_POSITION_4OT_TEMP","DESCRSHOT","VARCHAR2","Y","255","","","","","คำอธิบาย"
"V_BUDGET_CODE","BUDGET_CODE","VARCHAR2","Y","20","","","","","รหัส"
"V_BUDGET_CODE","DESCRIPTION","VARCHAR2","Y","200","","","","","คำอธิบาย"
"V_BUDGET_CODE","TYPE_BUDGET","VARCHAR2","Y","5","","","","","งบประมาณ"
"V_BUDGET_CODE","TYPE_CALENDAR","VARCHAR2","Y","1","","","","","ประเภท"
"V_BUDGET_CODE","DATE_UPDATE","DATE","Y","7","","","","","วันที่"
"V_BUDGET_CODE","TIME_UPDATE","CHAR","Y","6","","","","","วันที่"
"V_BUDGET_CODE","FLAG_BUDGET","NUMBER","Y","22","1","0","","","ธง"
"V_BUDGET_CODE","TYPE_CODE_BUDGET","VARCHAR2","Y","1","","","","","รหัส"
"V_BUDGET_CODE","RECEIVE_GROUP","VARCHAR2","Y","5","","","","","กลุ่ม"
"V_BUDGET_CODE","FLAG_ALERT","NUMBER","Y","22","","","","","ธง"
"V_BUDGET_CODE_TEMP","BUDGET_CODE","VARCHAR2","Y","20","","","","","รหัส"
"V_BUDGET_CODE_TEMP","DESCRIPTION","VARCHAR2","Y","200","","","","","คำอธิบาย"
"V_BUDGET_CODE_TEMP","TYPE_BUDGET","VARCHAR2","Y","5","","","","","งบประมาณ"
"V_BUDGET_CODE_TEMP","TYPE_CALENDAR","VARCHAR2","Y","1","","","","","ประเภท"
"V_BUDGET_CODE_TEMP","DATE_UPDATE","DATE","Y","7","","","","","วันที่"
"V_BUDGET_CODE_TEMP","TIME_UPDATE","CHAR","Y","6","","","","","วันที่"
"V_BUDGET_CODE_TEMP","FLAG_BUDGET","NUMBER","Y","22","1","0","","","ธง"
"V_BUDGET_CODE_TEMP","TYPE_CODE_BUDGET","VARCHAR2","Y","1","","","","","รหัส"
"V_BUDGET_CODE_TEMP","RECEIVE_GROUP","VARCHAR2","Y","5","","","","","กลุ่ม"
"V_BUDGET_CODE_TEMP","FLAG_ALERT","NUMBER","Y","22","","","","","ธง"
"V_TX_OT","BUD_YEAR","DATE","Y","7","","","","","ข้อมูล"
"V_TX_OT","SECTION_CODE","VARCHAR2","Y","20","","","","","รหัส"
"V_TX_OT","SECTION_NAME","VARCHAR2","Y","255","","","","","ชื่อ"
"V_TX_OT","OUTPUT_PLAN_CODE","VARCHAR2","Y","255","","","","","รหัส"
"V_TX_OT","OUTPUT_PLAN_DESC","VARCHAR2","Y","1000","","","","","คำอธิบาย"
"V_TX_OT","ACTIVITY_SUB_CODE","VARCHAR2","Y","255","","","","","รหัส"
"V_TX_OT","ACTIVITY_SUB_DESC","VARCHAR2","Y","1000","","","","","คำอธิบาย"
"V_TX_OT","BUDGET_CODE","VARCHAR2","Y","20","","","","","รหัส"
"V_TX_OT","AMOUNT_CF","NUMBER","Y","22","","","","","จำนวนเงิน"
"V_TX_OT_TEMP","BUD_YEAR","DATE","Y","7","","","","","ข้อมูล"
"V_TX_OT_TEMP","SECTION_CODE","VARCHAR2","Y","20","","","","","รหัส"
"V_TX_OT_TEMP","SECTION_NAME","VARCHAR2","Y","255","","","","","ชื่อ"
"V_TX_OT_TEMP","OUTPUT_PLAN_CODE","VARCHAR2","Y","255","","","","","รหัส"
"V_TX_OT_TEMP","OUTPUT_PLAN_DESC","VARCHAR2","Y","1000","","","","","คำอธิบาย"
"V_TX_OT_TEMP","ACTIVITY_SUB_CODE","VARCHAR2","Y","255","","","","","รหัส"
"V_TX_OT_TEMP","ACTIVITY_SUB_DESC","VARCHAR2","Y","1000","","","","","คำอธิบาย"
"V_TX_OT_TEMP","BUDGET_CODE","VARCHAR2","Y","20","","","","","รหัส"
"V_TX_OT_TEMP","AMOUNT_CF","NUMBER","Y","22","","","","","จำนวนเงิน"
"accommodation_rates","id","NUMBER","N","22","","0","","","ข้อมูล"
"accommodation_rates","note","CLOB","Y","4000","","","","","ข้อมูล"
"accommodation_rates","created_at","TIMESTAMP(6) WITH LOCAL TIME ZONE","N","11","","6","CURRENT_TIMESTAMP ","","ข้อมูล"
"accommodation_rates","updated_at","TIMESTAMP(6) WITH LOCAL TIME ZONE","N","11","","6","CURRENT_TIMESTAMP ","","ข้อมูล"
"accommodation_rates","travel_type","VARCHAR2","N","13","","","","","ข้อมูล"
"accommodation_rates","position_name","VARCHAR2","Y","255","","","","","ข้อมูล"
"accommodation_rates","level_code_start","VARCHAR2","Y","255","","","","","ข้อมูล"
"accommodation_rates","level_code_end","VARCHAR2","Y","255","","","","","ข้อมูล"
"accommodation_rates","position_group_name","VARCHAR2","N","255","","","","","ข้อมูล"
"accommodation_rates","rate_mode","VARCHAR2","N","11","","","","","ข้อมูล"
"accommodation_rates","flat_rate_amount","NUMBER","Y","22","10","2","","","ข้อมูล"
"accommodation_rates","single_room_amount","NUMBER","Y","22","10","2","","","ข้อมูล"
"accommodation_rates","double_room_percentage","NUMBER","Y","22","","0","","","ข้อมูล"
"accommodation_rates","country_type","VARCHAR2","Y","1","","","","","ข้อมูล"
"amphurs","id","NUMBER","N","22","","0","","","ข้อมูล"
"amphurs","name_th","VARCHAR2","Y","255","","","","","ข้อมูล"
"amphurs","name_en","VARCHAR2","Y","255","","","","","ข้อมูล"
"amphurs","province_id","NUMBER","Y","22","","0","","","ข้อมูล"
"amphurs","created_at","TIMESTAMP(6) WITH LOCAL TIME ZONE","Y","11","","6","CURRENT_TIMESTAMP","","ข้อมูล"
"amphurs","updated_at","TIMESTAMP(6) WITH LOCAL TIME ZONE","Y","11","","6","CURRENT_TIMESTAMP","","ข้อมูล"
"approval","id","NUMBER","N","22","","0","","","ข้อมูล"
"approval","increment_id","VARCHAR2","Y","255","","","","","ข้อมูล"
"approval","record_type","VARCHAR2","Y","255","","","","","ข้อมูล"
"approval","name","VARCHAR2","Y","255","","","","","ข้อมูล"
"approval","employee_code","VARCHAR2","Y","255","","","","","ข้อมูล"
"approval","travel_type","VARCHAR2","Y","255","","","","","ข้อมูล"
"approval","international_sub_option","VARCHAR2","Y","255","","","","","ข้อมูล"
"approval","approval_ref","NUMBER","Y","22","","0","","","ข้อมูล"
"approval","work_start_date","VARCHAR2","Y","255","","","","","ข้อมูล"
"approval","work_end_date","VARCHAR2","Y","255","","","","","ข้อมูล"
"approval","start_country","VARCHAR2","Y","255","","","","","ข้อมูล"
"approval","end_country","VARCHAR2","Y","255","","","","","ข้อมูล"
"approval","remarks","VARCHAR2","Y","255","","","","","ข้อมูล"
"approval","num_travelers","VARCHAR2","Y","255","","","","","ข้อมูล"
"approval","document_no","VARCHAR2","Y","255","","","","","ข้อมูล"
"approval","document_tel","VARCHAR2","Y","255","","","","","ข้อมูล"
"approval","document_to","VARCHAR2","Y","255","","","","","ข้อมูล"
"approval","document_title","CLOB","Y","4000","","","","","ข้อมูล"
"approval","attachment_id","NUMBER","Y","22","","0","","","ข้อมูล"
"approval","form3_total_outbound","FLOAT","Y","22","126","","","","ข้อมูล"
"approval","form3_total_inbound","FLOAT","Y","22","126","","","","ข้อมูล"
"approval","form3_total_amount","FLOAT","Y","22","126","","","","ข้อมูล"
"approval","exceed_lodging_rights_checked","NUMBER","Y","22","1","0","'0' ","","ข้อมูล"
"approval","exceed_lodging_rights_reason","CLOB","Y","4000","","","","","ข้อมูล"
"approval","form4_total_amount","FLOAT","Y","22","126","","","","ข้อมูล"
"approval","form5_total_amount","FLOAT","Y","22","126","","","","ข้อมูล"
"approval","confidentiality_level","VARCHAR2","Y","4000","","","","","ข้อมูล"
"approval","urgency_level","VARCHAR2","Y","4000","","","","","ข้อมูล"
"approval","departments","VARCHAR2","Y","4000","","","","","ข้อมูล"
"approval","degrees","VARCHAR2","Y","4000","","","","","ข้อมูล"
"approval","staff","VARCHAR2","Y","255","","","","","ข้อมูล"
"approval","comments","VARCHAR2","Y","255","","","","","ข้อมูล"
"approval","approval_date","VARCHAR2","Y","255","","","","","ข้อมูล"
"approval","final_departments","VARCHAR2","Y","4000","","","","","ข้อมูล"
"approval","final_degrees","VARCHAR2","Y","4000","","","","","ข้อมูล"
"approval","final_staff","VARCHAR2","Y","255","","","","","ข้อมูล"
"approval","signer_date","VARCHAR2","Y","255","","","","","ข้อมูล"
"approval","document_ending","VARCHAR2","Y","255","","","","","ข้อมูล"
"approval","document_ending_wording","CLOB","Y","4000","","","","","ข้อมูล"
"approval","signer_name","VARCHAR2","Y","255","","","","","ข้อมูล"
"approval","use_file_signature","NUMBER","Y","22","1","0","'0' ","","ข้อมูล"
"approval","signature_attachment_id","NUMBER","Y","22","","0","","","ข้อมูล"
"approval","use_system_signature","NUMBER","Y","22","1","0","'0' ","","ข้อมูล"
"approval","created_at","TIMESTAMP(6) WITH LOCAL TIME ZONE","Y","11","","6","CURRENT_TIMESTAMP","","ข้อมูล"
"approval","updated_at","TIMESTAMP(6) WITH LOCAL TIME ZONE","Y","11","","6","CURRENT_TIMESTAMP","","ข้อมูล"
"approval","approval_status_label_id","NUMBER","Y","22","","0","","","ข้อมูล"
"approval","deleted_at","TIMESTAMP(6) WITH LOCAL TIME ZONE","Y","11","","6","","","ข้อมูล"
"approval","staff_employee_code","VARCHAR2","Y","255","","","","","ข้อมูล"
"approval","final_staff_employee_code","VARCHAR2","Y","255","","","","","ข้อมูล"
"approval","continuous_employee_code","VARCHAR2","Y","255","","","","","ข้อมูล"
"approval","approval_print_number","VARCHAR2","Y","255","","","","","ข้อมูล"
"approval","expense_print_number","VARCHAR2","Y","255","","","","","ข้อมูล"
"approval","created_employee_code","VARCHAR2","Y","255","","","","","ข้อมูล"
"approval","created_employee_name","VARCHAR2","Y","255","","","","","ข้อมูล"
"approval","document_number","VARCHAR2","Y","255","","","","","ข้อมูล"
"approval","is_cancel_approval","NUMBER","Y","22","1","0","'0' ","","ข้อมูล"
"approval_accommodation_expense","id","NUMBER","N","22","","0","","","ข้อมูล"
"approval_accommodation_expense","total_amount","FLOAT","Y","22","126","","","","ข้อมูล"
"approval_accommodation_expense","has_meal_out","NUMBER","Y","22","1","0","'0' ","","ข้อมูล"
"approval_accommodation_expense","has_meal_in","NUMBER","Y","22","1","0","'0' ","","ข้อมูล"
"approval_accommodation_expense","meal_out_amount","FLOAT","Y","22","126","","","","ข้อมูล"
"approval_accommodation_expense","meal_in_amount","FLOAT","Y","22","126","","","","ข้อมูล"
"approval_accommodation_expense","meal_out_count","FLOAT","Y","22","126","","","","ข้อมูล"
"approval_accommodation_expense","meal_in_count","FLOAT","Y","22","126","","","","ข้อมูล"
"approval_accommodation_expense","allowance_out_checked","NUMBER","Y","22","1","0","'0' ","","ข้อมูล"
"approval_accommodation_expense","allowance_out_rate","FLOAT","Y","22","126","","","","ข้อมูล"
"approval_accommodation_expense","allowance_out_days","FLOAT","Y","22","126","","","","ข้อมูล"
"approval_accommodation_expense","allowance_out_total","FLOAT","Y","22","126","","","","ข้อมูล"
"approval_accommodation_expense","allowance_in_checked","NUMBER","Y","22","1","0","'0' ","","ข้อมูล"
"approval_accommodation_expense","allowance_in_rate","FLOAT","Y","22","126","","","","ข้อมูล"
"approval_accommodation_expense","allowance_in_days","FLOAT","Y","22","126","","","","ข้อมูล"
"approval_accommodation_expense","allowance_in_total","FLOAT","Y","22","126","","","","ข้อมูล"
"approval_accommodation_expense","lodging_fixed_checked","NUMBER","Y","22","1","0","'0' ","","ข้อมูล"
"approval_accommodation_expense","lodging_double_checked","NUMBER","Y","22","1","0","'0' ","","ข้อมูล"
"approval_accommodation_expense","lodging_single_checked","NUMBER","Y","22","1","0","'0' ","","ข้อมูล"
"approval_accommodation_expense","lodging_nights","FLOAT","Y","22","126","","","","ข้อมูล"
"approval_accommodation_expense","lodging_rate","FLOAT","Y","22","126","","","","ข้อมูล"
"approval_accommodation_expense","lodging_double_nights","FLOAT","Y","22","126","","","","ข้อมูล"
"approval_accommodation_expense","lodging_double_rate","FLOAT","Y","22","126","","","","ข้อมูล"
"approval_accommodation_expense","lodging_single_nights","FLOAT","Y","22","126","","","","ข้อมูล"
"approval_accommodation_expense","lodging_single_rate","FLOAT","Y","22","126","","","","ข้อมูล"
"approval_accommodation_expense","lodging_double_person","VARCHAR2","Y","255","","","","","ข้อมูล"
"approval_accommodation_expense","lodging_double_person_external","VARCHAR2","Y","255","","","","","ข้อมูล"
"approval_accommodation_expense","lodging_total","FLOAT","Y","22","126","","","","ข้อมูล"
"approval_accommodation_expense","transport_checked","NUMBER","Y","22","1","0","'0' ","","ข้อมูล"
"approval_accommodation_expense","transport_total","FLOAT","Y","22","126","","","","ข้อมูล"
"approval_accommodation_expense","created_at","TIMESTAMP(6) WITH LOCAL TIME ZONE","Y","11","","6","CURRENT_TIMESTAMP","","ข้อมูล"
"approval_accommodation_expense","updated_at","TIMESTAMP(6) WITH LOCAL TIME ZONE","Y","11","","6","CURRENT_TIMESTAMP","","ข้อมูล"
"approval_accommodation_expense","staff_member_id","NUMBER","Y","22","","0","","","ข้อมูล"
"approval_accommodation_expense","trip_entry_id","NUMBER","Y","22","","0","","","ข้อมูล"
"approval_accommodation_expense","approval_id","NUMBER","Y","22","","0","","","ข้อมูล"
"approval_accommodation_expense","work_location_id","NUMBER","Y","22","38","0","","","ข้อมูล"
"approval_accommodation_expense","moving_cost_checked","NUMBER","Y","22","1","0","0","","ข้อมูล"
"approval_accommodation_expense","moving_cost_rate","FLOAT","Y","22","126","","","","ข้อมูล"
"approval_accommodation_expense","allowance_abroad_flat_checked","NUMBER","Y","22","1","0","'0' ","","ข้อมูล"
"approval_accommodation_expense","allowance_abroad_actual_checked","NUMBER","Y","22","1","0","'0' ","","ข้อมูล"
"approval_accommodation_expense","allowance_abroad_flat_rate","FLOAT","Y","22","126","","","","ข้อมูล"
"approval_accommodation_expense","allowance_abroad_actual_rate","FLOAT","Y","22","126","","","","ข้อมูล"
"approval_accommodation_expense","allowance_abroad_days","FLOAT","Y","22","126","","","","ข้อมูล"
"approval_accommodation_expense","allowance_abroad_total","FLOAT","Y","22","126","","","","ข้อมูล"
"approval_accommodation_expense","has_meal_abroad_flat","NUMBER","Y","22","1","0","'0' ","","ข้อมูล"
"approval_accommodation_expense","has_meal_abroad_actual","NUMBER","Y","22","1","0","'0' ","","ข้อมูล"
"approval_accommodation_expense","meal_abroad_flat_count","FLOAT","Y","22","126","","","","ข้อมูล"
"approval_accommodation_expense","meal_abroad_actual_count","FLOAT","Y","22","126","","","","ข้อมูล"
"approval_accommodation_expense","meal_abroad_flat_amount","FLOAT","Y","22","126","","","","ข้อมูล"
"approval_accommodation_expense","meal_abroad_actual_amount","FLOAT","Y","22","126","","","","ข้อมูล"
"approval_accommodation_holiday_expense","id","NUMBER","N","22","","0","","","ข้อมูล"
"approval_accommodation_holiday_expense","date","VARCHAR2","Y","255","","","","","ข้อมูล"
"approval_accommodation_holiday_expense","thai_date","VARCHAR2","Y","255","","","","","ข้อมูล"
"approval_accommodation_holiday_expense","checked","NUMBER","Y","22","1","0","'0' ","","ข้อมูล"
"approval_accommodation_holiday_expense","time","VARCHAR2","Y","255","","","","","ข้อมูล"
"approval_accommodation_holiday_expense","hours","VARCHAR2","Y","255","","","","","ข้อมูล"
"approval_accommodation_holiday_expense","total","FLOAT","Y","22","126","","","","ข้อมูล"
"approval_accommodation_holiday_expense","note","CLOB","Y","4000","","","","","ข้อมูล"
"approval_accommodation_holiday_expense","created_at","TIMESTAMP(6) WITH LOCAL TIME ZONE","Y","11","","6","CURRENT_TIMESTAMP","","ข้อมูล"
"approval_accommodation_holiday_expense","updated_at","TIMESTAMP(6) WITH LOCAL TIME ZONE","Y","11","","6","CURRENT_TIMESTAMP","","ข้อมูล"
"approval_accommodation_holiday_expense","approval_accommodation_expense_id","NUMBER","Y","22","","0","","","ข้อมูล"
"approval_accommodation_holiday_expense","approval_id","NUMBER","Y","22","","0","","","ข้อมูล"
"approval_accommodation_transport_expense","id","NUMBER","N","22","","0","","","ข้อมูล"
"approval_accommodation_transport_expense","type","VARCHAR2","Y","255","","","","","ข้อมูล"
"approval_accommodation_transport_expense","amount","FLOAT","Y","22","126","","","","ข้อมูล"
"approval_accommodation_transport_expense","checked","NUMBER","Y","22","1","0","'0' ","","ข้อมูล"
"approval_accommodation_transport_expense","flight_route","VARCHAR2","Y","255","","","","","ข้อมูล"
"approval_accommodation_transport_expense","created_at","TIMESTAMP(6) WITH LOCAL TIME ZONE","Y","11","","6","CURRENT_TIMESTAMP","","ข้อมูล"
"approval_accommodation_transport_expense","updated_at","TIMESTAMP(6) WITH LOCAL TIME ZONE","Y","11","","6","CURRENT_TIMESTAMP","","ข้อมูล"
"approval_accommodation_transport_expense","approval_accommodation_expense_id","NUMBER","Y","22","","0","","","ข้อมูล"
"approval_accommodation_transport_expense","approval_id","NUMBER","Y","22","","0","","","ข้อมูล"
"approval_attachments","id","NUMBER","N","22","","0","","","ข้อมูล"
"approval_attachments","entity_type","VARCHAR2","N","100","","","","","ข้อมูล"
"approval_attachments","entity_id","NUMBER","N","22","","0","","","ข้อมูล"
"approval_attachments","file_id","NUMBER","N","22","","0","","","ข้อมูล"
"approval_attachments","created_at","TIMESTAMP(6) WITH LOCAL TIME ZONE","Y","11","","6","CURRENT_TIMESTAMP","","ข้อมูล"
"approval_attachments","updated_at","TIMESTAMP(6) WITH LOCAL TIME ZONE","Y","11","","6","CURRENT_TIMESTAMP","","ข้อมูล"
"approval_budgets","id","NUMBER","N","22","","0","","","ข้อมูล"
"approval_budgets","budget_type","VARCHAR2","Y","255","","","","","ข้อมูล"
"approval_budgets","item_type","VARCHAR2","Y","255","","","","","ข้อมูล"
"approval_budgets","reservation_code","VARCHAR2","Y","255","","","","","ข้อมูล"
"approval_budgets","department","VARCHAR2","Y","255","","","","","ข้อมูล"
"approval_budgets","budget_code","VARCHAR2","Y","255","","","","","ข้อมูล"
"approval_budgets","created_at","TIMESTAMP(6) WITH LOCAL TIME ZONE","Y","11","","6","CURRENT_TIMESTAMP","","ข้อมูล"
"approval_budgets","updated_at","TIMESTAMP(6) WITH LOCAL TIME ZONE","Y","11","","6","CURRENT_TIMESTAMP","","ข้อมูล"
"approval_budgets","approval_id","NUMBER","Y","22","","0","","","ข้อมูล"
"approval_budgets","attachment_id","NUMBER","Y","22","","0","","","ข้อมูล"
"approval_clothing_expense","id","NUMBER","N","22","","0","","","ข้อมูล"
"approval_clothing_expense","clothing_file_checked","NUMBER","Y","22","1","0","'0' ","","ข้อมูล"
"approval_clothing_expense","clothing_amount","FLOAT","Y","22","126","","","","ข้อมูล"
"approval_clothing_expense","clothing_reason","CLOB","Y","4000","","","","","ข้อมูล"
"approval_clothing_expense","reporting_date","VARCHAR2","Y","255","","","","","ข้อมูล"
"approval_clothing_expense","next_claim_date","VARCHAR2","Y","255","","","","","ข้อมูล"
"approval_clothing_expense","work_end_date","VARCHAR2","Y","255","","","","","ข้อมูล"
"approval_clothing_expense","created_at","TIMESTAMP(6) WITH LOCAL TIME ZONE","Y","11","","6","CURRENT_TIMESTAMP","","ข้อมูล"
"approval_clothing_expense","updated_at","TIMESTAMP(6) WITH LOCAL TIME ZONE","Y","11","","6","CURRENT_TIMESTAMP","","ข้อมูล"
"approval_clothing_expense","approval_accommodation_expense_id","NUMBER","Y","22","","0","","","ข้อมูล"
"approval_clothing_expense","staff_member_id","NUMBER","Y","22","","0","","","ข้อมูล"
"approval_clothing_expense","approval_id","NUMBER","Y","22","","0","","","ข้อมูล"
"approval_clothing_expense","increment_id","VARCHAR2","Y","255","","","","","ข้อมูล"
"approval_clothing_expense","destination_country","VARCHAR2","Y","255","","","","","ข้อมูล"
"approval_clothing_expense","attachment_id","NUMBER","Y","22","","0","","","ข้อมูล"
"approval_clothing_expense","employee_code","VARCHAR2","Y","255","","","","","ข้อมูล"
"approval_conditions","id","NUMBER","N","22","","0","","","ข้อมูล"
"approval_conditions","text","CLOB","Y","4000","","","","","ข้อมูล"
"approval_conditions","created_at","TIMESTAMP(6) WITH LOCAL TIME ZONE","Y","11","","6","CURRENT_TIMESTAMP","","ข้อมูล"
"approval_conditions","updated_at","TIMESTAMP(6) WITH LOCAL TIME ZONE","Y","11","","6","CURRENT_TIMESTAMP","","ข้อมูล"
"approval_conditions","approval_id","NUMBER","Y","22","","0","","","ข้อมูล"
"approval_contents","id","NUMBER","N","22","","0","","","ข้อมูล"
"approval_contents","detail","CLOB","Y","4000","","","","","ข้อมูล"
"approval_contents","created_at","TIMESTAMP(6) WITH LOCAL TIME ZONE","Y","11","","6","CURRENT_TIMESTAMP","","ข้อมูล"
"approval_contents","updated_at","TIMESTAMP(6) WITH LOCAL TIME ZONE","Y","11","","6","CURRENT_TIMESTAMP","","ข้อมูล"
"approval_contents","approval_id","NUMBER","Y","22","","0","","","ข้อมูล"
"approval_continuous","id","NUMBER","N","22","","0","","","ข้อมูล"
"approval_continuous","employee_code","VARCHAR2","N","255","","","","","ข้อมูล"
"approval_continuous","approval_id","NUMBER","N","22","","0","","","ข้อมูล"
"approval_continuous","approval_continuous_status_id","NUMBER","N","22","","0","","","ข้อมูล"
"approval_continuous","created_at","TIMESTAMP(6) WITH LOCAL TIME ZONE","Y","11","","6","CURRENT_TIMESTAMP","","ข้อมูล"
"approval_continuous","updated_at","TIMESTAMP(6) WITH LOCAL TIME ZONE","Y","11","","6","CURRENT_TIMESTAMP","","ข้อมูล"
"approval_continuous","created_by","VARCHAR2","Y","255","","","","","ข้อมูล"
"approval_continuous","updated_by","VARCHAR2","Y","255","","","","","ข้อมูล"
"approval_continuous","signer_date","VARCHAR2","Y","255","","","","","ข้อมูล"
"approval_continuous","document_ending","VARCHAR2","Y","255","","","","","ข้อมูล"
"approval_continuous","document_ending_wording","CLOB","Y","4000","","","","","ข้อมูล"
"approval_continuous","signer_name","VARCHAR2","Y","255","","","","","ข้อมูล"
"approval_continuous","use_file_signature","NUMBER","Y","22","1","0","'0' ","","ข้อมูล"
"approval_continuous","signature_attachment_id","NUMBER","Y","22","","0","","","ข้อมูล"
"approval_continuous","use_system_signature","NUMBER","Y","22","1","0","'0' ","","ข้อมูล"
"approval_continuous","comments","CLOB","Y","4000","","","","","ข้อมูล"
"approval_continuous_status","id","NUMBER","N","22","","0","","","ข้อมูล"
"approval_continuous_status","status_code","VARCHAR2","N","255","","","","","ข้อมูล"
"approval_continuous_status","label","VARCHAR2","N","255","","","","","ข้อมูล"
"approval_continuous_status","created_at","TIMESTAMP(6) WITH LOCAL TIME ZONE","Y","11","","6","CURRENT_TIMESTAMP","","ข้อมูล"
"approval_continuous_status","updated_at","TIMESTAMP(6) WITH LOCAL TIME ZONE","Y","11","","6","CURRENT_TIMESTAMP","","ข้อมูล"
"approval_date_ranges","id","NUMBER","N","22","","0","","","ข้อมูล"
"approval_date_ranges","start_date","VARCHAR2","Y","255","","","","","ข้อมูล"
"approval_date_ranges","end_date","VARCHAR2","Y","255","","","","","ข้อมูล"
"approval_date_ranges","created_at","TIMESTAMP(6) WITH LOCAL TIME ZONE","Y","11","","6","CURRENT_TIMESTAMP","","ข้อมูล"
"approval_date_ranges","updated_at","TIMESTAMP(6) WITH LOCAL TIME ZONE","Y","11","","6","CURRENT_TIMESTAMP","","ข้อมูล"
"approval_date_ranges","approval_id","NUMBER","Y","22","","0","","","ข้อมูล"
"approval_entertainment_expense","id","NUMBER","N","22","","0","","","ข้อมูล"
"approval_entertainment_expense","entertainment_short_checked","NUMBER","Y","22","1","0","'0' ","","ข้อมูล"
"approval_entertainment_expense","entertainment_long_checked","NUMBER","Y","22","1","0","'0' ","","ข้อมูล"
"approval_entertainment_expense","entertainment_amount","FLOAT","Y","22","126","","","","ข้อมูล"
"approval_entertainment_expense","created_at","TIMESTAMP(6) WITH LOCAL TIME ZONE","Y","11","","6","CURRENT_TIMESTAMP","","ข้อมูล"
"approval_entertainment_expense","updated_at","TIMESTAMP(6) WITH LOCAL TIME ZONE","Y","11","","6","CURRENT_TIMESTAMP","","ข้อมูล"
"approval_entertainment_expense","approval_id","NUMBER","Y","22","","0","","","ข้อมูล"
"approval_entertainment_expense","staff_member_id","NUMBER","Y","22","","0","","","ข้อมูล"
"approval_entertainment_expense","approval_accommodation_expense_id","NUMBER","Y","22","","0","","","ข้อมูล"
"approval_other_expense","id","NUMBER","N","22","","0","","","ข้อมูล"
"approval_other_expense","type","VARCHAR2","Y","255","","","","","ข้อมูล"
"approval_other_expense","amount","FLOAT","Y","22","126","","","","ข้อมูล"
"approval_other_expense","position","CLOB","Y","4000","","","","","ข้อมูล"
"approval_other_expense","reason","VARCHAR2","Y","255","","","","","ข้อมูล"
"approval_other_expense","acknowledged","NUMBER","Y","22","1","0","'0' ","","ข้อมูล"
"approval_other_expense","created_at","TIMESTAMP(6) WITH LOCAL TIME ZONE","Y","11","","6","CURRENT_TIMESTAMP","","ข้อมูล"
"approval_other_expense","updated_at","TIMESTAMP(6) WITH LOCAL TIME ZONE","Y","11","","6","CURRENT_TIMESTAMP","","ข้อมูล"
"approval_other_expense","approval_id","NUMBER","Y","22","","0","","","ข้อมูล"
"approval_staff_members","id","NUMBER","N","22","","0","","","ข้อมูล"
"approval_staff_members","employee_code","VARCHAR2","Y","255","","","","","ข้อมูล"
"approval_staff_members","type","VARCHAR2","Y","255","","","","","ข้อมูล"
"approval_staff_members","name","VARCHAR2","Y","255","","","","","ข้อมูล"
"approval_staff_members","role","VARCHAR2","Y","255","","","","","ข้อมูล"
"approval_staff_members","position","VARCHAR2","Y","255","","","","","ข้อมูล"
"approval_staff_members","right_equivalent","VARCHAR2","Y","255","","","","","ข้อมูล"
"approval_staff_members","organization_position","VARCHAR2","Y","255","","","","","ข้อมูล"
"approval_staff_members","created_at","TIMESTAMP(6) WITH LOCAL TIME ZONE","Y","11","","6","CURRENT_TIMESTAMP","","ข้อมูล"
"approval_staff_members","updated_at","TIMESTAMP(6) WITH LOCAL TIME ZONE","Y","11","","6","CURRENT_TIMESTAMP","","ข้อมูล"
"approval_staff_members","approval_id","NUMBER","Y","22","","0","","","ข้อมูล"
"approval_staff_members","cancelled","NUMBER","Y","22","1","0","'0' ","","ข้อมูล"
"approval_status","id","NUMBER","N","22","","0","","","ข้อมูล"
"approval_status","status","VARCHAR2","Y","255","","","","","ข้อมูล"
"approval_status","created_at","TIMESTAMP(6) WITH LOCAL TIME ZONE","Y","11","","6","CURRENT_TIMESTAMP","","ข้อมูล"
"approval_status","updated_at","TIMESTAMP(6) WITH LOCAL TIME ZONE","Y","11","","6","CURRENT_TIMESTAMP","","ข้อมูล"
"approval_status","user_id","NUMBER","N","22","","0","","","ข้อมูล"
"approval_status","approval_id","NUMBER","Y","22","","0","","","ข้อมูล"
"approval_status_history","id","NUMBER","N","22","","0","","","ข้อมูล"
"approval_status_history","approval_status_label_id","NUMBER","N","22","","0","","","ข้อมูล"
"approval_status_history","created_at","TIMESTAMP(6) WITH LOCAL TIME ZONE","Y","11","","6","CURRENT_TIMESTAMP","","ข้อมูล"
"approval_status_history","updated_at","TIMESTAMP(6) WITH LOCAL TIME ZONE","Y","11","","6","CURRENT_TIMESTAMP","","ข้อมูล"
"approval_status_history","approval_id","NUMBER","Y","22","","0","","","ข้อมูล"
"approval_status_history","created_by","VARCHAR2","N","255","","","","","ข้อมูล"
"approval_status_labels","id","NUMBER","N","22","","0","","","ข้อมูล"
"approval_status_labels","status_code","VARCHAR2","N","255","","","","","ข้อมูล"
"approval_status_labels","label","VARCHAR2","N","255","","","","","ข้อมูล"
"approval_status_labels","created_at","TIMESTAMP(6) WITH LOCAL TIME ZONE","Y","11","","6","CURRENT_TIMESTAMP","","ข้อมูล"
"approval_status_labels","updated_at","TIMESTAMP(6) WITH LOCAL TIME ZONE","Y","11","","6","CURRENT_TIMESTAMP","","ข้อมูล"
"approval_transportation_expense","id","NUMBER","N","22","","0","","","ข้อมูล"
"approval_transportation_expense","travel_type","VARCHAR2","Y","255","","","","","ข้อมูล"
"approval_transportation_expense","expense_type","VARCHAR2","Y","255","","","","","ข้อมูล"
"approval_transportation_expense","travel_method","VARCHAR2","Y","255","","","","","ข้อมูล"
"approval_transportation_expense","outbound_origin","VARCHAR2","Y","255","","","","","ข้อมูล"
"approval_transportation_expense","outbound_destination","VARCHAR2","Y","255","","","","","ข้อมูล"
"approval_transportation_expense","outbound_trips","VARCHAR2","Y","255","","","","","ข้อมูล"
"approval_transportation_expense","outbound_expense","VARCHAR2","Y","255","","","","","ข้อมูล"
"approval_transportation_expense","outbound_total","VARCHAR2","Y","255","","","","","ข้อมูล"
"approval_transportation_expense","inbound_origin","VARCHAR2","Y","255","","","","","ข้อมูล"
"approval_transportation_expense","inbound_destination","VARCHAR2","Y","255","","","","","ข้อมูล"
"approval_transportation_expense","inbound_trips","VARCHAR2","Y","255","","","","","ข้อมูล"
"approval_transportation_expense","inbound_expense","VARCHAR2","Y","255","","","","","ข้อมูล"
"approval_transportation_expense","inbound_total","VARCHAR2","Y","255","","","","","ข้อมูล"
"approval_transportation_expense","total_amount","VARCHAR2","Y","255","","","","","ข้อมูล"
"approval_transportation_expense","created_at","TIMESTAMP(6) WITH LOCAL TIME ZONE","Y","11","","6","CURRENT_TIMESTAMP","","ข้อมูล"
"approval_transportation_expense","updated_at","TIMESTAMP(6) WITH LOCAL TIME ZONE","Y","11","","6","CURRENT_TIMESTAMP","","ข้อมูล"
"approval_transportation_expense","staff_member_id","NUMBER","Y","22","","0","","","ข้อมูล"
"approval_transportation_expense","work_location_id","NUMBER","Y","22","","0","","","ข้อมูล"
"approval_transportation_expense","approval_id","NUMBER","Y","22","","0","","","ข้อมูล"
"approval_trip_date_ranges","id","NUMBER","N","22","","0","","","ข้อมูล"
"approval_trip_date_ranges","start_date","VARCHAR2","Y","255","","","","","ข้อมูล"
"approval_trip_date_ranges","end_date","VARCHAR2","Y","255","","","","","ข้อมูล"
"approval_trip_date_ranges","created_at","TIMESTAMP(6) WITH LOCAL TIME ZONE","Y","11","","6","CURRENT_TIMESTAMP","","ข้อมูล"
"approval_trip_date_ranges","updated_at","TIMESTAMP(6) WITH LOCAL TIME ZONE","Y","11","","6","CURRENT_TIMESTAMP","","ข้อมูล"
"approval_trip_date_ranges","approval_trip_entries_id","NUMBER","Y","22","","0","","","ข้อมูล"
"approval_trip_date_ranges","approval_id","NUMBER","Y","22","","0","","","ข้อมูล"
"approval_trip_entries","id","NUMBER","N","22","","0","","","ข้อมูล"
"approval_trip_entries","location","VARCHAR2","Y","255","","","","","ข้อมูล"
"approval_trip_entries","destination","VARCHAR2","Y","255","","","","","ข้อมูล"
"approval_trip_entries","nearby_provinces","NUMBER","Y","22","1","0","'0' ","","ข้อมูล"
"approval_trip_entries","details","CLOB","Y","4000","","","","","ข้อมูล"
"approval_trip_entries","destination_type","VARCHAR2","Y","13","","","","","ข้อมูล"
"approval_trip_entries","created_at","TIMESTAMP(6) WITH LOCAL TIME ZONE","Y","11","","6","CURRENT_TIMESTAMP","","ข้อมูล"
"approval_trip_entries","updated_at","TIMESTAMP(6) WITH LOCAL TIME ZONE","Y","11","","6","CURRENT_TIMESTAMP","","ข้อมูล"
"approval_trip_entries","approval_id","NUMBER","Y","22","","0","","","ข้อมูล"
"approval_trip_entries","destination_id","NUMBER","Y","22","","0","","","ข้อมูล"
"approval_trip_entries","destination_table","VARCHAR2","Y","255","","","","","ข้อมูล"
"approval_work_locations","id","NUMBER","N","22","","0","","","ข้อมูล"
"approval_work_locations","location","VARCHAR2","Y","255","","","","","ข้อมูล"
"approval_work_locations","destination","VARCHAR2","Y","255","","","","","ข้อมูล"
"approval_work_locations","nearby_provinces","NUMBER","Y","22","1","0","'0' ","","ข้อมูล"
"approval_work_locations","details","CLOB","Y","4000","","","","","ข้อมูล"
"approval_work_locations","checked","NUMBER","Y","22","1","0","","","ข้อมูล"
"approval_work_locations","destination_type","VARCHAR2","Y","13","","","","","ข้อมูล"
"approval_work_locations","staff_member_id","NUMBER","Y","22","","0","","","ข้อมูล"
"approval_work_locations","created_at","TIMESTAMP(6) WITH LOCAL TIME ZONE","Y","11","","6","CURRENT_TIMESTAMP","","ข้อมูล"
"approval_work_locations","updated_at","TIMESTAMP(6) WITH LOCAL TIME ZONE","Y","11","","6","CURRENT_TIMESTAMP","","ข้อมูล"
"approval_work_locations","approval_id","NUMBER","Y","22","","0","","","ข้อมูล"
"approval_work_locations","destination_id","NUMBER","Y","22","","0","","","ข้อมูล"
"approval_work_locations","destination_table","VARCHAR2","Y","255","","","","","ข้อมูล"
"approval_work_locations_date_ranges","id","NUMBER","N","22","","0","","","ข้อมูล"
"approval_work_locations_date_ranges","start_date","VARCHAR2","Y","255","","","","","ข้อมูล"
"approval_work_locations_date_ranges","end_date","VARCHAR2","Y","255","","","","","ข้อมูล"
"approval_work_locations_date_ranges","created_at","TIMESTAMP(6) WITH LOCAL TIME ZONE","Y","11","","6","CURRENT_TIMESTAMP","","ข้อมูล"
"approval_work_locations_date_ranges","updated_at","TIMESTAMP(6) WITH LOCAL TIME ZONE","Y","11","","6","CURRENT_TIMESTAMP","","ข้อมูล"
"approval_work_locations_date_ranges","approval_work_locations_id","NUMBER","Y","22","","0","","","ข้อมูล"
"approval_work_locations_date_ranges","approval_id","NUMBER","Y","22","","0","","","ข้อมูล"
"attire_allowance_rates","id","NUMBER","N","22","","0","","","ข้อมูล"
"attire_allowance_rates","assignment_type","VARCHAR2","N","9","","","","","ข้อมูล"
"attire_allowance_rates","position_name","CLOB","Y","4000","","","","","ข้อมูล"
"attire_allowance_rates","level_code_start","VARCHAR2","Y","255","","","","","ข้อมูล"
"attire_allowance_rates","level_code_end","VARCHAR2","Y","255","","","","","ข้อมูล"
"attire_allowance_rates","rate_thb","NUMBER","N","22","10","2","","","ข้อมูล"
"attire_allowance_rates","spouse_rate_thb","NUMBER","N","22","10","2","","","ข้อมูล"
"attire_allowance_rates","child_rate_thb","NUMBER","N","22","10","2","","","ข้อมูล"
"attire_allowance_rates","created_at","TIMESTAMP(6) WITH LOCAL TIME ZONE","Y","11","","6","CURRENT_TIMESTAMP","","ข้อมูล"
"attire_allowance_rates","updated_at","TIMESTAMP(6) WITH LOCAL TIME ZONE","Y","11","","6","CURRENT_TIMESTAMP","","ข้อมูล"
"attire_allowance_rates","destination_group_code","VARCHAR2","Y","20","","","","","ข้อมูล"
"attire_destination_group_countries","id","NUMBER","N","22","","0","","","ข้อมูล"
"attire_destination_group_countries","destination_group_id","NUMBER","N","22","","0","","","ข้อมูล"
"attire_destination_group_countries","country_id","NUMBER","N","22","","0","","","ข้อมูล"
"attire_destination_group_countries","created_at","TIMESTAMP(6) WITH LOCAL TIME ZONE","Y","11","","6","CURRENT_TIMESTAMP","","ข้อมูล"
"attire_destination_group_countries","updated_at","TIMESTAMP(6) WITH LOCAL TIME ZONE","Y","11","","6","CURRENT_TIMESTAMP","","ข้อมูล"
"attire_destination_groups","id","NUMBER","N","22","","0","","","ข้อมูล"
"attire_destination_groups","group_code","VARCHAR2","N","20","","","","","ข้อมูล"
"attire_destination_groups","group_name","VARCHAR2","N","100","","","","","ข้อมูล"
"attire_destination_groups","assignment_type","VARCHAR2","N","9","","","","","ข้อมูล"
"attire_destination_groups","description","CLOB","Y","4000","","","","","ข้อมูล"
"attire_destination_groups","created_at","TIMESTAMP(6) WITH LOCAL TIME ZONE","Y","11","","6","CURRENT_TIMESTAMP","","ข้อมูล"
"attire_destination_groups","updated_at","TIMESTAMP(6) WITH LOCAL TIME ZONE","Y","11","","6","CURRENT_TIMESTAMP","","ข้อมูล"
"audit_logs","id","NUMBER","N","22","","0","","","ข้อมูล"
"audit_logs","action","VARCHAR2","N","255","","","","","ข้อมูล"
"audit_logs","details","CLOB","Y","4000","","","","","ข้อมูล"
"audit_logs","ip_address","VARCHAR2","Y","255","","","","","ข้อมูล"
"audit_logs","user_agent","VARCHAR2","Y","255","","","","","ข้อมูล"
"audit_logs","status","VARCHAR2","Y","255","","","'success'","","ข้อมูล"
"audit_logs","category","VARCHAR2","Y","255","","","'general'","","ข้อมูล"
"audit_logs","created_at","TIMESTAMP(6) WITH LOCAL TIME ZONE","Y","11","","6","CURRENT_TIMESTAMP","","ข้อมูล"
"audit_logs","employee_code","VARCHAR2","Y","50","","","","","ข้อมูล"
"audit_logs","employee_name","VARCHAR2","Y","255","","","","","ข้อมูล"
"committee_position","id","NUMBER","N","22","","0","","","ข้อมูล"
"committee_position","name","VARCHAR2","N","255","","","","","ข้อมูล"
"committee_position","created_at","TIMESTAMP(6) WITH LOCAL TIME ZONE","Y","11","","6","CURRENT_TIMESTAMP","","ข้อมูล"
"committee_position","updated_at","TIMESTAMP(6) WITH LOCAL TIME ZONE","Y","11","","6","CURRENT_TIMESTAMP","","ข้อมูล"
"countries","id","NUMBER","N","22","","0","","","ข้อมูล"
"countries","code","VARCHAR2","N","255","","","","","ข้อมูล"
"countries","name_en","VARCHAR2","N","255","","","","","ข้อมูล"
"countries","name_th","VARCHAR2","N","255","","","","","ข้อมูล"
"countries","created_at","TIMESTAMP(6) WITH LOCAL TIME ZONE","Y","11","","6","CURRENT_TIMESTAMP","","ข้อมูล"
"countries","updated_at","TIMESTAMP(6) WITH LOCAL TIME ZONE","Y","11","","6","CURRENT_TIMESTAMP","","ข้อมูล"
"countries","type","VARCHAR2","Y","255","","","","","ข้อมูล"
"countries","percent_increase","NUMBER","Y","22","","0","'0'","","ข้อมูล"
"currencies","id","NUMBER","N","22","","0","","","ข้อมูล"
"currencies","currency_th","VARCHAR2","Y","100","","","","","ข้อมูล"
"currencies","currency_code_th","VARCHAR2","Y","50","","","","","ข้อมูล"
"currencies","currency_en","VARCHAR2","Y","100","","","","","ข้อมูล"
"currencies","currency_code_en","VARCHAR2","Y","10","","","","","ข้อมูล"
"disbursement_supporting_document_types","id","NUMBER","N","22","","0","","","ข้อมูล"
"disbursement_supporting_document_types","name","CLOB","N","4000","","","","","ข้อมูล"
"disbursement_supporting_document_types","description","CLOB","Y","4000","","","","","ข้อมูล"
"disbursement_supporting_document_types","created_at","TIMESTAMP(6) WITH LOCAL TIME ZONE","Y","11","","6","CURRENT_TIMESTAMP","","ข้อมูล"
"disbursement_supporting_document_types","updated_at","TIMESTAMP(6) WITH LOCAL TIME ZONE","Y","11","","6","CURRENT_TIMESTAMP","","ข้อมูล"
"disbursement_supporting_forms","id","NUMBER","N","22","","0","","","ข้อมูล"
"disbursement_supporting_forms","document_type_id","NUMBER","Y","22","","0","","","ข้อมูล"
"disbursement_supporting_forms","name","CLOB","N","4000","","","","","ข้อมูล"
"disbursement_supporting_forms","description","CLOB","Y","4000","","","","","ข้อมูล"
"disbursement_supporting_forms","created_at","TIMESTAMP(6) WITH LOCAL TIME ZONE","Y","11","","6","CURRENT_TIMESTAMP","","ข้อมูล"
"disbursement_supporting_forms","updated_at","TIMESTAMP(6) WITH LOCAL TIME ZONE","Y","11","","6","CURRENT_TIMESTAMP","","ข้อมูล"
"disbursement_supporting_forms","remark","VARCHAR2","Y","4000","","","","","ข้อมูล"
"disbursement_supporting_questions","id","NUMBER","N","22","","0","","","ข้อมูล"
"disbursement_supporting_questions","form_id","NUMBER","Y","22","","0","","","ข้อมูล"
"disbursement_supporting_questions","question_text","CLOB","N","4000","","","","","ข้อมูล"
"disbursement_supporting_questions","question_content","VARCHAR2","Y","4000","","","","","ข้อมูล"
"disbursement_supporting_questions","created_at","TIMESTAMP(6) WITH LOCAL TIME ZONE","Y","11","","6","CURRENT_TIMESTAMP","","ข้อมูล"
"disbursement_supporting_questions","updated_at","TIMESTAMP(6) WITH LOCAL TIME ZONE","Y","11","","6","CURRENT_TIMESTAMP","","ข้อมูล"
"domestic_moving_allowances","id","NUMBER","N","22","","0","","","ข้อมูล"
"domestic_moving_allowances","distance_start_km","NUMBER","N","22","","0","","","ข้อมูล"
"domestic_moving_allowances","distance_end_km","NUMBER","N","22","","0","","","ข้อมูล"
"domestic_moving_allowances","rate_baht","NUMBER","N","22","10","2","","","ข้อมูล"
"domestic_moving_allowances","created_at","TIMESTAMP(6) WITH LOCAL TIME ZONE","N","11","","6","CURRENT_TIMESTAMP ","","ข้อมูล"
"domestic_moving_allowances","updated_at","TIMESTAMP(6) WITH LOCAL TIME ZONE","N","11","","6","CURRENT_TIMESTAMP ","","ข้อมูล"
"employee_admin","id","NUMBER","N","22","","0","","","ข้อมูล"
"employee_admin","pmt_code","VARCHAR2","N","255","","","","","ข้อมูล"
"employee_admin","employee_code","VARCHAR2","N","255","","","","","ข้อมูล"
"employee_admin","employee_name","VARCHAR2","N","255","","","","","ข้อมูล"
"employee_admin","position","VARCHAR2","Y","255","","","","","ข้อมูล"
"employee_admin","department","VARCHAR2","Y","255","","","","","ข้อมูล"
"employee_admin","division","VARCHAR2","Y","255","","","","","ข้อมูล"
"employee_admin","section","VARCHAR2","Y","255","","","","","ข้อมูล"
"employee_admin","is_active","NUMBER","Y","22","1","0","'1' ","","ข้อมูล"
"employee_admin","is_suspended","NUMBER","Y","22","1","0","'0' ","","ข้อมูล"
"employee_admin","suspended_until","TIMESTAMP(6) WITH LOCAL TIME ZONE","Y","11","","6","","","ข้อมูล"
"employee_admin","created_by","VARCHAR2","Y","255","","","","","ข้อมูล"
"employee_admin","updated_by","VARCHAR2","Y","255","","","","","ข้อมูล"
"employee_admin","created_at","TIMESTAMP(6) WITH LOCAL TIME ZONE","Y","11","","6","CURRENT_TIMESTAMP","","ข้อมูล"
"employee_admin","updated_at","TIMESTAMP(6) WITH LOCAL TIME ZONE","Y","11","","6","CURRENT_TIMESTAMP","","ข้อมูล"
"employee_admin","deleted_at","TIMESTAMP(6) WITH LOCAL TIME ZONE","Y","11","","6","","","ข้อมูล"
"entertainment_allowance_levels","id","NUMBER","N","22","","0","","","ข้อมูล"
"entertainment_allowance_levels","allowance_id","NUMBER","N","22","","0","","","ข้อมูล"
"entertainment_allowance_levels","created_at","TIMESTAMP(6) WITH LOCAL TIME ZONE","Y","11","","6","CURRENT_TIMESTAMP","","ข้อมูล"
"entertainment_allowance_levels","updated_at","TIMESTAMP(6) WITH LOCAL TIME ZONE","Y","11","","6","CURRENT_TIMESTAMP","","ข้อมูล"
"entertainment_allowance_levels","privilege_id","NUMBER","Y","22","","0","","","ข้อมูล"
"entertainment_allowance_levels","privilege_name","VARCHAR2","Y","255","","","","","ข้อมูล"
"entertainment_allowances","id","NUMBER","N","22","","0","","","ข้อมูล"
"entertainment_allowances","title","VARCHAR2","N","600","","","","","ข้อมูล"
"entertainment_allowances","min_days","NUMBER","N","22","","0","","","ข้อมูล"
"entertainment_allowances","max_days","NUMBER","N","22","","0","","","ข้อมูล"
"entertainment_allowances","amount","NUMBER","N","22","10","2","","","ข้อมูล"
"entertainment_allowances","created_at","TIMESTAMP(6) WITH LOCAL TIME ZONE","Y","11","","6","CURRENT_TIMESTAMP","","ข้อมูล"
"entertainment_allowances","updated_at","TIMESTAMP(6) WITH LOCAL TIME ZONE","Y","11","","6","CURRENT_TIMESTAMP","","ข้อมูล"
"entertainment_allowances","privilege_id","NUMBER","Y","22","","0","","","ข้อมูล"
"entertainment_allowances","privilege_name","VARCHAR2","Y","255","","","","","ข้อมูล"
"entertainment_form_status","id","NUMBER","N","22","","0","","","ข้อมูล"
"entertainment_form_status","name","VARCHAR2","N","50","","","","","ข้อมูล"
"entertainment_form_status","description","VARCHAR2","Y","255","","","","","ข้อมูล"
"entertainment_form_status","created_at","TIMESTAMP(6) WITH LOCAL TIME ZONE","Y","11","","6","CURRENT_TIMESTAMP","","ข้อมูล"
"expenses_bangkok_to_place","id","NUMBER","N","22","","0","","","ข้อมูล"
"expenses_bangkok_to_place","amphur_id","NUMBER","Y","22","","0","","","ข้อมูล"
"expenses_bangkok_to_place","place_id","NUMBER","Y","22","","0","","","ข้อมูล"
"expenses_bangkok_to_place","rate","NUMBER","N","22","10","2","","","ข้อมูล"
"expenses_bangkok_to_place","created_at","TIMESTAMP(6) WITH LOCAL TIME ZONE","Y","11","","6","CURRENT_TIMESTAMP","","ข้อมูล"
"expenses_bangkok_to_place","updated_at","TIMESTAMP(6) WITH LOCAL TIME ZONE","Y","11","","6","CURRENT_TIMESTAMP","","ข้อมูล"
"expenses_other","id","NUMBER","N","22","","0","","","ข้อมูล"
"expenses_other","name","CLOB","N","4000","","","","","ข้อมูล"
"expenses_other","created_at","TIMESTAMP(6) WITH LOCAL TIME ZONE","Y","11","","6","CURRENT_TIMESTAMP","","ข้อมูล"
"expenses_other","updated_at","TIMESTAMP(6) WITH LOCAL TIME ZONE","Y","11","","6","CURRENT_TIMESTAMP","","ข้อมูล"
"expenses_other_conditions","id","NUMBER","N","22","","0","","","ข้อมูล"
"expenses_other_conditions","expenses_other_id","NUMBER","N","22","","0","","","ข้อมูล"
"expenses_other_conditions","position_code","VARCHAR2","Y","255","","","","","ข้อมูล"
"expenses_other_conditions","level_code","VARCHAR2","Y","255","","","","","ข้อมูล"
"expenses_other_conditions","scope","VARCHAR2","Y","13","","","","","ข้อมูล"
"expenses_other_conditions","max_amount","NUMBER","N","22","10","2","","","ข้อมูล"
"expenses_other_conditions","created_at","TIMESTAMP(6) WITH LOCAL TIME ZONE","Y","11","","6","CURRENT_TIMESTAMP","","ข้อมูล"
"expenses_other_conditions","updated_at","TIMESTAMP(6) WITH LOCAL TIME ZONE","Y","11","","6","CURRENT_TIMESTAMP","","ข้อมูล"
"expenses_other_conditions","position_name","VARCHAR2","Y","255","","","","","ข้อมูล"
"expenses_vehicle","id","NUMBER","N","22","","0","","","ข้อมูล"
"expenses_vehicle","code","VARCHAR2","N","255","","","","","ข้อมูล"
"expenses_vehicle","title","CLOB","N","4000","","","","","ข้อมูล"
"expenses_vehicle","rate","NUMBER","N","22","10","2","","","ข้อมูล"
"expenses_vehicle","created_at","TIMESTAMP(6) WITH LOCAL TIME ZONE","Y","11","","6","CURRENT_TIMESTAMP","","ข้อมูล"
"expenses_vehicle","updated_at","TIMESTAMP(6) WITH LOCAL TIME ZONE","Y","11","","6","CURRENT_TIMESTAMP","","ข้อมูล"
"files","id","NUMBER","N","22","","0","","","ข้อมูล"
"files","original_name","VARCHAR2","N","600","","","","","ข้อมูล"
"files","file_name","VARCHAR2","N","600","","","","","ข้อมูล"
"files","mime_type","VARCHAR2","N","255","","","","","ข้อมูล"
"files","size","NUMBER","N","22","","0","","","ข้อมูล"
"files","path","VARCHAR2","N","255","","","","","ข้อมูล"
"files","created_at","TIMESTAMP(6) WITH LOCAL TIME ZONE","Y","11","","6","CURRENT_TIMESTAMP","","ข้อมูล"
"files","updated_at","TIMESTAMP(6) WITH LOCAL TIME ZONE","Y","11","","6","CURRENT_TIMESTAMP","","ข้อมูล"
"holiday_work_hours","id","NUMBER","N","22","","0","","","ข้อมูล"
"holiday_work_hours","rate_id","NUMBER","N","22","","0","","","ข้อมูล"
"holiday_work_hours","hour","NUMBER","N","22","","0","","","ข้อมูล"
"holiday_work_hours","work_pay","NUMBER","N","22","10","2","","","ข้อมูล"
"holiday_work_hours","tax_rate","NUMBER","N","22","10","2","'0' ","","ข้อมูล"
"holiday_work_hours","created_at","TIMESTAMP(6) WITH LOCAL TIME ZONE","Y","11","","6","CURRENT_TIMESTAMP","","ข้อมูล"
"holiday_work_hours","updated_at","TIMESTAMP(6) WITH LOCAL TIME ZONE","Y","11","","6","CURRENT_TIMESTAMP","","ข้อมูล"
"holiday_work_rates","id","NUMBER","N","22","","0","","","ข้อมูล"
"holiday_work_rates","step_level","NUMBER","N","22","4","2","","","ข้อมูล"
"holiday_work_rates","salary","NUMBER","N","22","10","2","","","ข้อมูล"
"holiday_work_rates","created_at","TIMESTAMP(6) WITH LOCAL TIME ZONE","Y","11","","6","CURRENT_TIMESTAMP","","ข้อมูล"
"holiday_work_rates","updated_at","TIMESTAMP(6) WITH LOCAL TIME ZONE","Y","11","","6","CURRENT_TIMESTAMP","","ข้อมูล"
"international_moving_allowances","id","NUMBER","N","22","","0","","","ข้อมูล"
"international_moving_allowances","office","VARCHAR2","N","255","","","","","ข้อมูล"
"international_moving_allowances","currency","VARCHAR2","N","255","","","","","ข้อมูล"
"international_moving_allowances","director_salary","NUMBER","N","22","10","2","","","ข้อมูล"
"international_moving_allowances","deputy_director_salary","NUMBER","N","22","10","2","","","ข้อมูล"
"international_moving_allowances","created_at","TIMESTAMP(6) WITH LOCAL TIME ZONE","N","11","","6","CURRENT_TIMESTAMP ","","ข้อมูล"
"international_moving_allowances","updated_at","TIMESTAMP(6) WITH LOCAL TIME ZONE","N","11","","6","CURRENT_TIMESTAMP ","","ข้อมูล"
"knex_migrations","id","NUMBER","N","22","","0","","","ข้อมูล"
"knex_migrations","name","VARCHAR2","Y","255","","","","","ข้อมูล"
"knex_migrations","batch","NUMBER","Y","22","","0","","","ข้อมูล"
"knex_migrations","migration_time","TIMESTAMP(6) WITH LOCAL TIME ZONE","Y","11","","6","","","ข้อมูล"
"knex_migrations_lock","index","NUMBER","N","22","","0","","","ข้อมูล"
"knex_migrations_lock","is_locked","NUMBER","Y","22","","0","","","ข้อมูล"
"masterdata_labels","id","NUMBER","N","22","","0","","","ข้อมูล"
"masterdata_labels","table_name","VARCHAR2","N","500","","","","","ข้อมูล"
"masterdata_labels","table_description","VARCHAR2","Y","1000","","","","","ข้อมูล"
"masterdata_labels","document_reference","VARCHAR2","N","1000","","","","Reference document number or identifier","ข้อมูล"
"masterdata_labels","document_name","VARCHAR2","N","1000","","","","Name of the reference document","ข้อมูล"
"masterdata_labels","document_date","DATE","Y","7","","","","Date of the reference document","ข้อมูล"
"masterdata_labels","document_url","VARCHAR2","Y","1000","","","","URL to the reference document if available","ข้อมูล"
"masterdata_labels","updated_by","VARCHAR2","N","255","","","","","ข้อมูล"
"masterdata_labels","created_at","TIMESTAMP(6) WITH LOCAL TIME ZONE","Y","11","","6","CURRENT_TIMESTAMP","","ข้อมูล"
"masterdata_labels","updated_at","TIMESTAMP(6) WITH LOCAL TIME ZONE","Y","11","","6","CURRENT_TIMESTAMP","","ข้อมูล"
"meal_allowance","meal_allowance_id","NUMBER","N","22","","0","","","ข้อมูล"
"meal_allowance","type","VARCHAR2","Y","255","","","","","ข้อมูล"
"meal_allowance","rate_per_day","FLOAT","Y","22","126","","","","ข้อมูล"
"meal_allowance","location","VARCHAR2","Y","6","","","","","ข้อมูล"
"meal_allowance","created_at","TIMESTAMP(6) WITH LOCAL TIME ZONE","Y","11","","6","CURRENT_TIMESTAMP","","ข้อมูล"
"meal_allowance","updated_at","TIMESTAMP(6) WITH LOCAL TIME ZONE","Y","11","","6","CURRENT_TIMESTAMP","","ข้อมูล"
"meal_allowance","rate_per_2_days","FLOAT","Y","22","126","","","","ข้อมูล"
"meal_allowance_level","meal_allowance_id","NUMBER","N","22","","0","","","ข้อมูล"
"meal_allowance_level","level","VARCHAR2","N","255","","","","","ข้อมูล"
"meeting_expense_report_food_rows","id","NUMBER","N","22","20","0","","","ข้อมูล"
"meeting_expense_report_food_rows","meeting_expense_report_id","NUMBER","N","22","20","0","","FK to meeting_expense_reports.id","ข้อมูล"
"meeting_expense_report_food_rows","meal_type","VARCHAR2","N","7","","","","ประเภทมื้ออาหาร","ข้อมูล"
"meeting_expense_report_food_rows","meal_name","VARCHAR2","N","50","","","","ชื่อมื้อ (เช้า","ข้อมูล"," กลางวัน"," เย็น)"
"meeting_expense_report_food_rows","checked","NUMBER","Y","22","1","0","'0' ","เลือกใช้หรือไม่","ข้อมูล"
"meeting_expense_report_food_rows","rate","NUMBER","Y","22","10","2","'0'","อัตรามื้อละ (บาท)","ข้อมูล"
"meeting_expense_report_food_rows","amount","NUMBER","Y","22","15","2","'0'","เป็นเงิน (บาท)","ข้อมูล"
"meeting_expense_report_food_rows","receipt","VARCHAR2","Y","255","","","","เล่มที่/เลขที่ใบเสร็จรับเงิน","ข้อมูล"
"meeting_expense_report_food_rows","receipt_date","DATE","Y","7","","","","วัน เดือน ปี ของใบเสร็จ","ข้อมูล"
"meeting_expense_report_food_rows","created_at","TIMESTAMP(6) WITH LOCAL TIME ZONE","Y","11","","6","CURRENT_TIMESTAMP","","ข้อมูล"
"meeting_expense_report_food_rows","updated_at","TIMESTAMP(6) WITH LOCAL TIME ZONE","Y","11","","6","CURRENT_TIMESTAMP","","ข้อมูล"
"meeting_expense_report_snack_rows","id","NUMBER","N","22","20","0","","","ข้อมูล"
"meeting_expense_report_snack_rows","meeting_expense_report_id","NUMBER","N","22","20","0","","FK to meeting_expense_reports.id","ข้อมูล"
"meeting_expense_report_snack_rows","snack_type","VARCHAR2","N","9","","","","ประเภทอาหารว่าง","ข้อมูล"
"meeting_expense_report_snack_rows","snack_name","VARCHAR2","N","50","","","","ชื่ออาหารว่าง (เช้า","ข้อมูล"," บ่าย)"
"meeting_expense_report_snack_rows","checked","NUMBER","Y","22","1","0","'0' ","เลือกใช้หรือไม่","ข้อมูล"
"meeting_expense_report_snack_rows","rate","NUMBER","Y","22","10","2","'0'","อัตรามื้อละ (บาท)","ข้อมูล"
"meeting_expense_report_snack_rows","amount","NUMBER","Y","22","15","2","'0'","เป็นเงิน (บาท)","ข้อมูล"
"meeting_expense_report_snack_rows","receipt","VARCHAR2","Y","255","","","","เล่มที่/เลขที่ใบเสร็จรับเงิน","ข้อมูล"
"meeting_expense_report_snack_rows","receipt_date","DATE","Y","7","","","","วัน เดือน ปี ของใบเสร็จ","ข้อมูล"
"meeting_expense_report_snack_rows","created_at","TIMESTAMP(6) WITH LOCAL TIME ZONE","Y","11","","6","CURRENT_TIMESTAMP","","ข้อมูล"
"meeting_expense_report_snack_rows","updated_at","TIMESTAMP(6) WITH LOCAL TIME ZONE","Y","11","","6","CURRENT_TIMESTAMP","","ข้อมูล"
"meeting_expense_reports","id","NUMBER","N","22","20","0","","","ข้อมูล"
"meeting_expense_reports","department","VARCHAR2","Y","255","","","","ฝ่าย","ข้อมูล"
"meeting_expense_reports","section","VARCHAR2","Y","255","","","","กอง","ข้อมูล"
"meeting_expense_reports","job","VARCHAR2","Y","255","","","","งาน","ข้อมูล"
"meeting_expense_reports","employee_id","VARCHAR2","Y","50","","","","รหัสพนักงาน","ข้อมูล"
"meeting_expense_reports","name","VARCHAR2","Y","255","","","","ชื่อผู้ขอ","ข้อมูล"
"meeting_expense_reports","position","VARCHAR2","Y","255","","","","ตำแหน่ง","ข้อมูล"
"meeting_expense_reports","topic","VARCHAR2","Y","500","","","","ประชุมเรื่อง","ข้อมูล"
"meeting_expense_reports","place","VARCHAR2","Y","500","","","","สถานที่","ข้อมูล"
"meeting_expense_reports","meeting_type","VARCHAR2","N","255","","","","ประเภทการจัดประชุม","ข้อมูล"
"meeting_expense_reports","chairman","VARCHAR2","Y","255","","","","ประธานที่ประชุม","ข้อมูล"
"meeting_expense_reports","attendees","VARCHAR2","N","255","","","","ผู้เข้าร่วมประชุม (คน)","ข้อมูล"
"meeting_expense_reports","meeting_date","DATE","N","7","","","","วันที่จัดประชุม","ข้อมูล"
"meeting_expense_reports","total_amount","NUMBER","Y","22","15","2","'0'","ยอดรวมทั้งหมด","ข้อมูล"
"meeting_expense_reports","status","VARCHAR2","Y","8","","","'draft' ","สถานะ","ข้อมูล"
"meeting_expense_reports","status_description","VARCHAR2","Y","255","","","","คำอธิบายสถานะ","ข้อมูล"
"meeting_expense_reports","created_by","VARCHAR2","Y","50","","","","ผู้สร้าง","ข้อมูล"
"meeting_expense_reports","created_at","TIMESTAMP(6) WITH LOCAL TIME ZONE","Y","11","","6","CURRENT_TIMESTAMP","วันที่สร้าง","ข้อมูล"
"meeting_expense_reports","updated_at","TIMESTAMP(6) WITH LOCAL TIME ZONE","Y","11","","6","CURRENT_TIMESTAMP","วันที่อัพเดต","ข้อมูล"
"meeting_expense_reports","deleted_at","TIMESTAMP(6) WITH LOCAL TIME ZONE","Y","11","","6","","วันที่ลบ (soft delete)","ข้อมูล"
"meeting_type_rates","id","NUMBER","N","22","20","0","","","ข้อมูล"
"meeting_type_rates","meeting_type_id","NUMBER","N","22","20","0","","FK to meeting_types.id","ข้อมูล"
"meeting_type_rates","meal_type","VARCHAR2","N","5","","","","ประเภทอาหาร (อาหารหลัก/อาหารว่าง)","ข้อมูล"
"meeting_type_rates","meal_period","VARCHAR2","N","9","","","","ช่วงมื้ออาหาร","ข้อมูล"
"meeting_type_rates","rate","NUMBER","N","22","10","2","","อัตรา (บาท)","ข้อมูล"
"meeting_type_rates","is_active","NUMBER","Y","22","1","0","'1' ","สถานะการใช้งาน","ข้อมูล"
"meeting_type_rates","effective_date","DATE","N","7","","","","วันที่เริ่มมีผล","ข้อมูล"
"meeting_type_rates","expiry_date","DATE","Y","7","","","","วันที่หมดอายุ","ข้อมูล"
"meeting_type_rates","created_at","TIMESTAMP(6) WITH LOCAL TIME ZONE","Y","11","","6","CURRENT_TIMESTAMP","","ข้อมูล"
"meeting_type_rates","updated_at","TIMESTAMP(6) WITH LOCAL TIME ZONE","Y","11","","6","CURRENT_TIMESTAMP","","ข้อมูล"
"meeting_types","id","NUMBER","N","22","20","0","","","ข้อมูล"
"meeting_types","name","VARCHAR2","N","255","","","","ชื่อประเภทการประชุม","ข้อมูล"
"meeting_types","description","CLOB","Y","4000","","","","คำอธิบาย","ข้อมูล"
"meeting_types","is_active","NUMBER","Y","22","1","0","'1' ","สถานะการใช้งาน","ข้อมูล"
"meeting_types","sort_order","NUMBER","Y","22","","0","'0'","ลำดับการแสดงผล","ข้อมูล"
"meeting_types","created_at","TIMESTAMP(6) WITH LOCAL TIME ZONE","Y","11","","6","CURRENT_TIMESTAMP","","ข้อมูล"
"meeting_types","updated_at","TIMESTAMP(6) WITH LOCAL TIME ZONE","Y","11","","6","CURRENT_TIMESTAMP","","ข้อมูล"
"menu_items_access","id","NUMBER","N","22","","0","","","ข้อมูล"
"menu_items_access","key_name","VARCHAR2","N","255","","","","","ข้อมูล"
"menu_items_access","title","VARCHAR2","N","255","","","","","ข้อมูล"
"menu_items_access","parent_key","VARCHAR2","Y","255","","","","","ข้อมูล"
"menu_items_access","is_active","NUMBER","Y","22","1","0","'1' ","","ข้อมูล"
"menu_items_access","is_admin","NUMBER","Y","22","1","0","'0' ","","ข้อมูล"
"menu_items_access","created_at","TIMESTAMP(6) WITH LOCAL TIME ZONE","Y","11","","6","CURRENT_TIMESTAMP","","ข้อมูล"
"menu_items_access","updated_at","TIMESTAMP(6) WITH LOCAL TIME ZONE","Y","11","","6","CURRENT_TIMESTAMP","","ข้อมูล"
"notifications","id","NUMBER","N","22","","0","","","ข้อมูล"
"notifications","employee_code","VARCHAR2","N","255","","","","","ข้อมูล"
"notifications","title","VARCHAR2","N","255","","","","","ข้อมูล"
"notifications","message","CLOB","N","4000","","","","","ข้อมูล"
"notifications","type","VARCHAR2","N","255","","","","","ข้อมูล"
"notifications","entity_type","VARCHAR2","N","255","","","","","ข้อมูล"
"notifications","entity_id","NUMBER","N","22","","0","","","ข้อมูล"
"notifications","metadata","VARCHAR2","Y","4000","","","","","ข้อมูล"
"notifications","is_read","NUMBER","Y","22","1","0","'0' ","","ข้อมูล"
"notifications","read_at","TIMESTAMP(6) WITH LOCAL TIME ZONE","Y","11","","6","","","ข้อมูล"
"notifications","created_at","TIMESTAMP(6) WITH LOCAL TIME ZONE","Y","11","","6","CURRENT_TIMESTAMP","","ข้อมูล"
"notifications","updated_at","TIMESTAMP(6) WITH LOCAL TIME ZONE","Y","11","","6","CURRENT_TIMESTAMP","","ข้อมูล"
"office_domestic","id","NUMBER","N","22","","0","","","ข้อมูล"
"office_domestic","name","VARCHAR2","N","255","","","","","ข้อมูล"
"office_domestic","region","VARCHAR2","N","255","","","","","ข้อมูล"
"office_domestic","is_head_office","NUMBER","Y","22","1","0","'0' ","","ข้อมูล"
"office_domestic","created_at","TIMESTAMP(6) WITH LOCAL TIME ZONE","Y","11","","6","CURRENT_TIMESTAMP","","ข้อมูล"
"office_domestic","updated_at","TIMESTAMP(6) WITH LOCAL TIME ZONE","Y","11","","6","CURRENT_TIMESTAMP","","ข้อมูล"
"office_domestic","province_id","NUMBER","Y","22","","0","","","ข้อมูล"
"office_international","id","NUMBER","N","22","","0","","","ข้อมูล"
"office_international","name","VARCHAR2","N","255","","","","","ข้อมูล"
"office_international","region","VARCHAR2","N","255","","","","","ข้อมูล"
"office_international","created_at","TIMESTAMP(6) WITH LOCAL TIME ZONE","Y","11","","6","CURRENT_TIMESTAMP","","ข้อมูล"
"office_international","updated_at","TIMESTAMP(6) WITH LOCAL TIME ZONE","Y","11","","6","CURRENT_TIMESTAMP","","ข้อมูล"
"office_international","country_id","NUMBER","Y","22","","0","","","ข้อมูล"
"office_international","currency_id","NUMBER","Y","22","","0","","","ข้อมูล"
"office_international","pog_code","VARCHAR2","Y","255","","","","","ข้อมูล"
"outsider_equivalent","id","NUMBER","N","22","","0","","","ข้อมูล"
"outsider_equivalent","name","VARCHAR2","N","255","","","","","ข้อมูล"
"outsider_equivalent","created_at","TIMESTAMP(6) WITH LOCAL TIME ZONE","Y","11","","6","CURRENT_TIMESTAMP","","ข้อมูล"
"outsider_equivalent","updated_at","TIMESTAMP(6) WITH LOCAL TIME ZONE","Y","11","","6","CURRENT_TIMESTAMP","","ข้อมูล"
"per_diem_rates","id","NUMBER","N","22","","0","","","ข้อมูล"
"per_diem_rates","position_group","VARCHAR2","N","255","","","","","ข้อมูล"
"per_diem_rates","position_name","VARCHAR2","Y","255","","","","","ข้อมูล"
"per_diem_rates","level_code_start","VARCHAR2","Y","255","","","","","ข้อมูล"
"per_diem_rates","level_code_end","VARCHAR2","Y","255","","","","","ข้อมูล"
"per_diem_rates","area_type","VARCHAR2","N","6","","","","","ข้อมูล"
"per_diem_rates","per_diem_standard","NUMBER","N","22","10","2","","","ข้อมูล"
"per_diem_rates","is_editable_per_diem","NUMBER","N","22","1","0","'0' ","","ข้อมูล"
"per_diem_rates","max_per_diem","NUMBER","Y","22","10","2","","","ข้อมูล"
"per_diem_rates","created_at","TIMESTAMP(6) WITH LOCAL TIME ZONE","N","11","","6","CURRENT_TIMESTAMP ","","ข้อมูล"
"per_diem_rates","updated_at","TIMESTAMP(6) WITH LOCAL TIME ZONE","N","11","","6","CURRENT_TIMESTAMP ","","ข้อมูล"
"places","id","NUMBER","N","22","","0","","","ข้อมูล"
"places","name","CLOB","N","4000","","","","","ข้อมูล"
"places","created_at","TIMESTAMP(6) WITH LOCAL TIME ZONE","Y","11","","6","CURRENT_TIMESTAMP","","ข้อมูล"
"places","updated_at","TIMESTAMP(6) WITH LOCAL TIME ZONE","Y","11","","6","CURRENT_TIMESTAMP","","ข้อมูล"
"privilege","id","NUMBER","N","22","","0","","","ข้อมูล"
"privilege","name","VARCHAR2","Y","255","","","","","ข้อมูล"
"privilege","is_committee_position","NUMBER","Y","22","1","0","","","ข้อมูล"
"privilege","is_outsider_equivalent","NUMBER","Y","22","1","0","","","ข้อมูล"
"privilege","created_at","TIMESTAMP(6) WITH LOCAL TIME ZONE","Y","11","","6","CURRENT_TIMESTAMP","","ข้อมูล"
"privilege","updated_at","TIMESTAMP(6) WITH LOCAL TIME ZONE","Y","11","","6","CURRENT_TIMESTAMP","","ข้อมูล"
"privilege","confidential_level","VARCHAR2","Y","12","","","'NORMAL' ","","ข้อมูล"
"provinces","id","NUMBER","N","22","","0","","","ข้อมูล"
"provinces","name_th","VARCHAR2","Y","255","","","","","ข้อมูล"
"provinces","name_en","VARCHAR2","Y","255","","","","","ข้อมูล"
"provinces","created_at","TIMESTAMP(6) WITH LOCAL TIME ZONE","Y","11","","6","CURRENT_TIMESTAMP","","ข้อมูล"
"provinces","updated_at","TIMESTAMP(6) WITH LOCAL TIME ZONE","Y","11","","6","CURRENT_TIMESTAMP","","ข้อมูล"
"provinces","is_perimeter","NUMBER","Y","22","1","0","'0' ","","ข้อมูล"
"report_accommodation","accommodation_id","NUMBER","N","22","","0","","","ข้อมูล"
"report_accommodation","form_id","NUMBER","Y","22","","0","","","ข้อมูล"
"report_accommodation","type","VARCHAR2","Y","255","","","","","ข้อมูล"
"report_accommodation","price_per_day","FLOAT","Y","22","126","","","","ข้อมูล"
"report_accommodation","days","NUMBER","Y","22","","0","","","ข้อมูล"
"report_accommodation","total","FLOAT","Y","22","126","","","","ข้อมูล"
"report_allowance","allowance_id","NUMBER","N","22","","0","","","ข้อมูล"
"report_allowance","form_id","NUMBER","Y","22","","0","","","ข้อมูล"
"report_allowance","type","VARCHAR2","Y","255","","","","","ข้อมูล"
"report_allowance","category","VARCHAR2","Y","255","","","","","ข้อมูล"
"report_allowance","sub_category","VARCHAR2","Y","255","","","","","ข้อมูล"
"report_allowance","days","NUMBER","Y","22","","0","","","ข้อมูล"
"report_allowance","total","FLOAT","Y","22","126","","","","ข้อมูล"
"report_approve","id","NUMBER","N","22","","0","","","ข้อมูล"
"report_approve","title","VARCHAR2","Y","255","","","","","ข้อมูล"
"report_approve","creator_name","VARCHAR2","Y","255","","","","","ข้อมูล"
"report_approve","creator_code","VARCHAR2","Y","100","","","","","ข้อมูล"
"report_approve","document_number","VARCHAR2","Y","100","","","","","ข้อมูล"
"report_approve","approve_id","NUMBER","Y","22","","0","","","ข้อมูล"
"report_approve","status","NUMBER","Y","22","","0","'1' ","","ข้อมูล"
"report_approve","created_at","TIMESTAMP(6) WITH LOCAL TIME ZONE","Y","11","","6","CURRENT_TIMESTAMP","","ข้อมูล"
"report_approve","updated_at","TIMESTAMP(6) WITH LOCAL TIME ZONE","Y","11","","6","CURRENT_TIMESTAMP","","ข้อมูล"
"report_approve","deleted_at","TIMESTAMP(6) WITH LOCAL TIME ZONE","Y","11","","6","","","ข้อมูล"
"report_approve_status","id","NUMBER","N","22","","0","","","ข้อมูล"
"report_approve_status","status","VARCHAR2","N","255","","","","","ข้อมูล"
"report_approve_status","created_at","TIMESTAMP(6) WITH LOCAL TIME ZONE","Y","11","","6","CURRENT_TIMESTAMP","","ข้อมูล"
"report_approve_status","updated_at","TIMESTAMP(6) WITH LOCAL TIME ZONE","Y","11","","6","CURRENT_TIMESTAMP","","ข้อมูล"
"report_daily_travel_detail","detail_id","NUMBER","N","22","","0","","","ข้อมูล"
"report_daily_travel_detail","form_id","NUMBER","N","22","","0","","","ข้อมูล"
"report_daily_travel_detail","departure_place","VARCHAR2","Y","255","","","","","ข้อมูล"
"report_daily_travel_detail","departure_date","DATE","Y","7","","","","","ข้อมูล"
"report_daily_travel_detail","departure_time","VARCHAR2","Y","255","","","","","ข้อมูล"
"report_daily_travel_detail","return_place","VARCHAR2","Y","255","","","","","ข้อมูล"
"report_daily_travel_detail","return_date","DATE","Y","7","","","","","ข้อมูล"
"report_daily_travel_detail","return_time","VARCHAR2","Y","255","","","","","ข้อมูล"
"report_daily_travel_detail","travel_details","VARCHAR2","Y","255","","","","","ข้อมูล"
"report_entertainment_form","id","NUMBER","N","22","20","0","","","ข้อมูล"
"report_entertainment_form","employee_id","VARCHAR2","N","50","","","","รหัสพนักงาน","ข้อมูล"
"report_entertainment_form","employee_name","VARCHAR2","N","255","","","","ชื่อพนักงาน","ข้อมูล"
"report_entertainment_form","employee_position","VARCHAR2","N","255","","","","ตำแหน่งพนักงาน","ข้อมูล"
"report_entertainment_form","department","VARCHAR2","N","255","","","","ฝ่าย/สำนัก/ภูมิภาค","ข้อมูล"
"report_entertainment_form","section","VARCHAR2","Y","255","","","","กอง/กลุ่ม/สำนักงาน","ข้อมูล"
"report_entertainment_form","job","VARCHAR2","N","255","","","","งาน/โครงการ","ข้อมูล"
"report_entertainment_form","status_id","NUMBER","Y","22","","0","'1'","","ข้อมูล"
"report_entertainment_form","total_amount","NUMBER","Y","22","15","2","'0'","ยอดรวมทั้งหมด","ข้อมูล"
"report_entertainment_form","approved_by","VARCHAR2","Y","50","","","","รหัสผู้อนุมัติ","ข้อมูล"
"report_entertainment_form","approved_at","TIMESTAMP(6) WITH LOCAL TIME ZONE","Y","11","","6","","วันที่อนุมัติ","ข้อมูล"
"report_entertainment_form","approved_comment","CLOB","Y","4000","","","","ความคิดเห็นการอนุมัติ","ข้อมูล"
"report_entertainment_form","created_by","VARCHAR2","N","50","","","","","ข้อมูล"
"report_entertainment_form","created_at","TIMESTAMP(6) WITH LOCAL TIME ZONE","Y","11","","6","CURRENT_TIMESTAMP","","ข้อมูล"
"report_entertainment_form","updated_by","VARCHAR2","Y","50","","","","","ข้อมูล"
"report_entertainment_form","updated_at","TIMESTAMP(6) WITH LOCAL TIME ZONE","Y","11","","6","CURRENT_TIMESTAMP","","ข้อมูล"
"report_entertainment_items","id","NUMBER","N","22","20","0","","","ข้อมูล"
"report_entertainment_items","report_id","NUMBER","N","22","20","0","","","ข้อมูล"
"report_entertainment_items","description","CLOB","Y","4000","","","","รายละเอียดการเลี้ยงรับรอง","ข้อมูล"
"report_entertainment_items","people_count","VARCHAR2","Y","50","","","","จำนวนคน","ข้อมูล"
"report_entertainment_items","venue","VARCHAR2","N","255","","","","สถานที่เลี้ยงรับรอง","ข้อมูล"
"report_entertainment_items","event_date","DATE","N","7","","","","วันที่จัดงาน","ข้อมูล"
"report_entertainment_items","purpose","CLOB","Y","4000","","","","วัตถุประสงค์/เนื่องในโอกาส","ข้อมูล"
"report_entertainment_items","receipt_number","VARCHAR2","Y","100","","","","เลขที่ใบเสร็จ","ข้อมูล"
"report_entertainment_items","receipt_book","VARCHAR2","Y","50","","","","เล่มที่ใบเสร็จ","ข้อมูล"
"report_entertainment_items","amount","NUMBER","N","22","15","2","'0' ","จำนวนเงิน","ข้อมูล"
"report_entertainment_items","amount_text","VARCHAR2","Y","500","","","","จำนวนเงินตัวอักษร","ข้อมูล"
"report_entertainment_items","display_order","NUMBER","Y","22","","0","'0'","","ข้อมูล"
"report_holiday_wage_detail","holiday_id","NUMBER","N","22","","0","","","ข้อมูล"
"report_holiday_wage_detail","form_id","NUMBER","N","22","","0","","","ข้อมูล"
"report_holiday_wage_detail","date","DATE","Y","7","","","","","ข้อมูล"
"report_holiday_wage_detail","hours","NUMBER","Y","22","","0","","","ข้อมูล"
"report_holiday_wage_detail","year","NUMBER","Y","22","","0","","","ข้อมูล"
"report_holiday_wage_detail","wage","FLOAT","Y","22","126","","","","ข้อมูล"
"report_holiday_wage_detail","tax","FLOAT","Y","22","126","","","","ข้อมูล"
"report_holiday_wage_detail","total","FLOAT","Y","22","126","","","","ข้อมูล"
"report_other_expense","expense_id","NUMBER","N","22","","0","","","ข้อมูล"
"report_other_expense","form_id","NUMBER","Y","22","","0","","","ข้อมูล"
"report_other_expense","name","VARCHAR2","Y","255","","","","","ข้อมูล"
"report_other_expense","amount","FLOAT","Y","22","126","","","","ข้อมูล"
"report_other_expense","certificate_file_path","VARCHAR2","Y","255","","","","","ข้อมูล"
"report_transportation","transport_id","NUMBER","N","22","","0","","","ข้อมูล"
"report_transportation","form_id","NUMBER","Y","22","","0","","","ข้อมูล"
"report_transportation","type","VARCHAR2","Y","255","","","","","ข้อมูล"
"report_transportation","from_place","VARCHAR2","Y","255","","","","","ข้อมูล"
"report_transportation","to_place","VARCHAR2","Y","255","","","","","ข้อมูล"
"report_transportation","date","DATE","Y","7","","","","","ข้อมูล"
"report_transportation","amount","FLOAT","Y","22","126","","","","ข้อมูล"
"report_transportation","receipt_file_path","VARCHAR2","Y","255","","","","","ข้อมูล"
"report_traveller","traveler_id","NUMBER","N","22","","0","","","ข้อมูล"
"report_traveller","report_id","NUMBER","N","22","","0","","","ข้อมูล"
"report_traveller","name","VARCHAR2","Y","255","","","","","ข้อมูล"
"report_traveller","position","VARCHAR2","Y","255","","","","","ข้อมูล"
"report_traveller","level","VARCHAR2","Y","255","","","","","ข้อมูล"
"report_traveller","type","VARCHAR2","Y","255","","","","","ข้อมูล"
"report_traveller","created_at","TIMESTAMP(6) WITH LOCAL TIME ZONE","Y","11","","6","CURRENT_TIMESTAMP","","ข้อมูล"
"report_traveller","updated_at","TIMESTAMP(6) WITH LOCAL TIME ZONE","Y","11","","6","CURRENT_TIMESTAMP","","ข้อมูล"
"report_traveller","traveller_code","VARCHAR2","Y","255","","","","","ข้อมูล"
"report_traveller_form","form_id","NUMBER","N","22","","0","","","ข้อมูล"
"report_traveller_form","traveler_id","NUMBER","N","22","","0","","","ข้อมูล"
"report_traveller_form","report_id","NUMBER","N","22","","0","","","ข้อมูล"
"report_traveller_form","job","VARCHAR2","Y","255","","","","","ข้อมูล"
"report_traveller_form","department","VARCHAR2","Y","255","","","","","ข้อมูล"
"report_traveller_form","date","DATE","Y","7","","","","","ข้อมูล"
"report_traveller_form","travel_order","VARCHAR2","Y","255","","","","","ข้อมูล"
"report_traveller_form","travel_order_date","DATE","Y","7","","","","","ข้อมูล"
"report_traveller_form","companions","VARCHAR2","Y","255","","","","","ข้อมูล"
"report_traveller_form","destination","VARCHAR2","Y","255","","","","","ข้อมูล"
"report_traveller_form","location","VARCHAR2","Y","255","","","","","ข้อมูล"
"report_traveller_form","departure_place","VARCHAR2","Y","255","","","","","ข้อมูล"
"report_traveller_form","departure_date","DATE","Y","7","","","","","ข้อมูล"
"report_traveller_form","departure_time","VARCHAR2","Y","255","","","","","ข้อมูล"
"report_traveller_form","return_place","VARCHAR2","Y","255","","","","","ข้อมูล"
"report_traveller_form","return_date","DATE","Y","7","","","","","ข้อมูล"
"report_traveller_form","return_time","VARCHAR2","Y","255","","","","","ข้อมูล"
"report_traveller_form","total_time","VARCHAR2","Y","255","","","","","ข้อมูล"
"report_traveller_form","travel_details","VARCHAR2","Y","255","","","","","ข้อมูล"
"report_traveller_form","gran_total","FLOAT","Y","22","126","","","","ข้อมูล"
"report_traveller_form","request_approve_amount","FLOAT","Y","22","126","","","","ข้อมูล"
"report_traveller_form","remain_amount","FLOAT","Y","22","126","","","","ข้อมูล"
"report_traveller_form","created_at","TIMESTAMP(6) WITH LOCAL TIME ZONE","Y","11","","6","CURRENT_TIMESTAMP","","ข้อมูล"
"report_traveller_form","updated_at","TIMESTAMP(6) WITH LOCAL TIME ZONE","Y","11","","6","CURRENT_TIMESTAMP","","ข้อมูล"
"sessions","id","NUMBER","N","22","","0","","","ข้อมูล"
"sessions","token","VARCHAR2","N","255","","","","","ข้อมูล"
"sessions","device_info","VARCHAR2","Y","255","","","","","ข้อมูล"
"sessions","ip_address","VARCHAR2","Y","255","","","","","ข้อมูล"
"sessions","is_active","NUMBER","Y","22","1","0","'1' ","","ข้อมูล"
"sessions","expires_at","TIMESTAMP(6) WITH LOCAL TIME ZONE","N","11","","6","","","ข้อมูล"
"sessions","created_at","TIMESTAMP(6) WITH LOCAL TIME ZONE","Y","11","","6","CURRENT_TIMESTAMP","","ข้อมูล"
"sessions","updated_at","TIMESTAMP(6) WITH LOCAL TIME ZONE","Y","11","","6","CURRENT_TIMESTAMP","","ข้อมูล"
"sessions","employee_code","VARCHAR2","Y","255","","","","","ข้อมูล"
"sessions","employee_name","VARCHAR2","Y","255","","","","","ข้อมูล"
"users","id","NUMBER","N","22","","0","","","ข้อมูล"
"users","email","VARCHAR2","N","255","","","","","ข้อมูล"
"users","password","VARCHAR2","N","255","","","","","ข้อมูล"
"users","full_name","VARCHAR2","N","255","","","","","ข้อมูล"
"users","role","VARCHAR2","Y","20","","","'user'","","ข้อมูล"
"users","is_active","NUMBER","Y","22","1","0","'1' ","","ข้อมูล"
"users","refresh_token","VARCHAR2","Y","255","","","","","ข้อมูล"
"users","login_attempts","NUMBER","Y","22","","0","'0'","","ข้อมูล"
"users","lock_until","TIMESTAMP(6) WITH LOCAL TIME ZONE","Y","11","","6","","","ข้อมูล"
"users","password_reset_token","VARCHAR2","Y","255","","","","","ข้อมูล"
"users","password_reset_expires","TIMESTAMP(6) WITH LOCAL TIME ZONE","Y","11","","6","","","ข้อมูล"
"users","created_at","TIMESTAMP(6) WITH LOCAL TIME ZONE","Y","11","","6","CURRENT_TIMESTAMP","","ข้อมูล"
"users","updated_at","TIMESTAMP(6) WITH LOCAL TIME ZONE","Y","11","","6","CURRENT_TIMESTAMP","","ข้อมูล"
"users","employee_code","VARCHAR2","Y","255","","","","","ข้อมูล"